,Wine,Vintage,Format,Cost,Qty,Negoce
0,Chasse Spleen,1964,730ml,125.0,1,CVBG
1,Haut Brion,1971,730ml,320.0,1,CVBG
2,Figeac,1975,730ml,180.0,1,CVBG
3,Gilette - Crème de Tête,1937,730ml,750.0,1,CVBG
4,Domaine de Terrebrune,1959,730ml,150.0,1,CVBG
5,Carruades de Lafite,2005,750ml,250.0,1,CVBG
6,Lynch Bages,2000,750ml,215.0,1,CVBG
7,Mission Haut Brion Blanc,2010,750ml,600.0,1,CVBG
8,Petrus,1983,750ml,1500.0,1,CVBG
9,Ausone,2014,750ml,500.0,1,CVBG
10,Léoville Las Cases,1982,750ml,450.0,1,CVBG
11,Yquem,1955,750ml,1500.0,1,CVBG
12,Yquem,1939,750ml,1900.0,1,CVBG
13,Yquem,1937,750ml,4000.0,1,CVBG
14,Yquem,1935,750ml,2000.0,1,CVBG
15,Chambertin - Rousseau,2012,750ml,1250.0,1,CVBG
16,Clos de Bèze - Rousseau,2012,750ml,1250.0,1,CVBG
17,Clos Saint Jacques - Rousseau,2011,750ml,395.0,1,CVBG
18,Montrachet - Domaine Leflaive,2011,750ml,5800.0,1,CVBG
19,Opus One,2010,750ml,285.0,1,CVBG
20,Vérité - Le Désir,2013,750ml,250.0,1,CVBG
21,Cathelin - Chave,2009,750ml,4100.0,1,CVBG
22,Cantemerle,2012,1500ml,39.0,1,CVBG
23,Rauzan Ségla,2008,1500ml,110.0,1,CVBG
24,Malescot Saint Exupery,2014,15000ml,750.0,1,CVBG
25,Latour Martillac rouge,2012,15000ml,550.0,1,CVBG
26,Lagrange,2014,15000ml,750.0,1,CVBG
27,Yquem,2011,15000ml,5500.0,1,CVBG
28,Belgrave,2008,3000ml,129.0,1,CVBG
29,Pavillon rouge,2014,3000ml,560.0,1,CVBG
30,Mission Haut Brion ,2006,3000ml,1320.0,1,CVBG
31,Tour Figeac,2005,3000ml,275.0,1,CVBG
32,Le Boscq ,2002,3000ml,88.0,1,CVBG
33,Cardinale,2013,3000ml,825.0,1,CVBG
34,Solaia,2012,3000ml,595.0,1,CVBG
35,Solaia,2009,3000ml,660.0,1,CVBG
36,Solaia,2008,3000ml,650.0,1,CVBG
37,Brane Cantenac,2003,5000ml,530.0,1,CVBG
38,Mouton Rothschild,2000,5000ml,14500.0,1,CVBG
39,Cheval Blanc,2003,5000ml,2900.0,1,CVBG
40,Talbot,1998,5000ml,520.0,1,CVBG
41,Belgrave,2003,6000ml,244.0,1,CVBG
42,Brane Cantenac,2003,6000ml,625.0,1,CVBG
43,Rauzan Ségla,2012,6000ml,480.0,1,CVBG
44,Mouton Rothschild,2014,6000ml,2800.0,1,CVBG
45,Mouton Rothschild,2012,6000ml,2800.0,1,CVBG
46,Pontet Canet,2014,6000ml,600.0,1,CVBG
47,Domaine de Chevalier rouge,2014,6000ml,350.0,1,CVBG
48,Haut Brion,2014,6000ml,2700.0,1,CVBG
49,La Garde Rouge,2003,6000ml,164.0,1,CVBG
50,Smith Haut Lafitte Rouge,2014,6000ml,480.0,1,CVBG
51,Cheval Blanc,2003,6000ml,3450.0,1,CVBG
52,Figeac,2005,6000ml,1500.0,1,CVBG
53,Tour Figeac,2007,6000ml,280.0,1,CVBG
54,Tour Figeac,2006,6000ml,360.0,1,CVBG
55,Cos d'Estournel,2014,6000ml,850.0,1,CVBG
56,Montrose,2005,6000ml,1200.0,1,CVBG
57,Beychevelle,2014,6000ml,590.0,1,CVBG
58,Branaire Ducru,2014,6000ml,300.0,1,CVBG
59,Gruaud Larose,2014,6000ml,400.0,1,CVBG
60,Lagrange,2014,6000ml,250.0,1,CVBG
61,Léoville Las Cases,2005,6000ml,2000.0,1,CVBG
62,Yquem,2011,6000ml,2000.0,1,CVBG
63,Sena,2014,6000ml,600.0,1,CVBG
64,Solaia,2013,6000ml,1350.0,1,CVBG
65,Solaia,2011,6000ml,1190.0,1,CVBG
66,Solaia,2009,6000ml,1290.0,1,CVBG
67,Yquem,2013,375ml,125.0,10,CVBG
68,Rieussec,1997,750ml,55.0,10,CVBG
69,Y d'Yquem,2015,1500ml,184.0,10,CVBG
70,Palmer,2014,3000ml,700.0,10,CVBG
71,Rahoul,2012,3000ml,65.0,100,CVBG
72,Rahoul,2010,3000ml,73.0,100,CVBG
73,Cambon la pelouse,2007,3000ml,51.0,100,CVBG
74,Fourcas Dupré,2014,3000ml,66.8,100,CVBG
75,Belgrave,2013,375ml,8.3,1008,CVBG
76,Clos du Marquis,2007,375ml,16.5,1008,CVBG
77,Larcis Ducasse,2011,750ml,34.2,1008,CVBG
78,Mission Haut Brion ,1999,750ml,195.0,102,CVBG
79,Vinedo Chadwick,2013,750ml,145.0,102,CVBG
80,Le Boscq ,2013,375ml,6.6,1020,CVBG
81,La Garde Rouge,2003,750ml,16.0,1032,CVBG
82,Moulin Saint-Georges,2013,750ml,17.5,1032,CVBG
83,Fiefs de Lagrange ,2013,375ml,7.5,1056,CVBG
84,Climens,2005,750ml,72.0,108,CVBG
85,Fleur Saint Georges ,2015,750ml,8.4,108,CVBG
86,Alter Ego,2012,750ml,51.0,108,CVBG
87,Margaux,2014,750ml,350.0,108,CVBG
88,Domaine de Chevalier rouge,2012,750ml,40.0,108,CVBG
89,Angélus,2007,750ml,295.0,108,CVBG
90,Clos de l'Oratoire,2014,750ml,22.0,108,CVBG
91,Quinault L'Enclos,2014,750ml,20.0,108,CVBG
92,Alter Ego,2013,1500ml,78.0,108,CVBG
93,Rahoul,2013,750ml,7.0,1080,CVBG
94,Troplong Mondot,2011,750ml,57.6,1092,CVBG
95,Almaviva,2011,375ml,40.0,11,CVBG
96,Gruaud Larose,2014,750ml,48.0,11,CVBG
97,Klein Constantia - Vin de Constance,2012,500ml,47.0,114,CVBG
98,Grange - Penfolds,2010,750ml,380.0,114,CVBG
99,Cardinale,2007,750ml,235.0,114,CVBG
100,Marquis de Terme,2014,1500ml,47.9,114,CVBG
101,Marquis de Terme,2013,1500ml,45.0,114,CVBG
102,Latour Martillac rouge,2014,375ml,9.9,1164,CVBG
103,Clos Floridène blanc,2015,750ml,12.3,1176,CVBG
104,Chambrun,2008,750ml,13.9,1188,CVBG
105,Giscours,2011,750ml,36.0,1188,CVBG
106,Climens,2002,375ml,24.0,12,CVBG
107,Rahoul,2011,375ml,4.8,12,CVBG
108,Pichon Comtesse de Lalande,1975,730ml,240.0,12,CVBG
109,Climens,2014,750ml,43.8,12,CVBG
110,Clos Nardian,2009,750ml,30.0,12,CVBG
111,Girolate,2010,750ml,36.0,12,CVBG
112,Girolate blanc,2012,750ml,25.0,12,CVBG
113,Pavillon blanc,2005,750ml,170.0,12,CVBG
114,Pavillon blanc,2004,750ml,165.0,12,CVBG
115,Clos Puy Arnaud,2011,750ml,14.5,12,CVBG
116,Marjosse Blanc,2016,750ml,5.3,12,CVBG
117,La Lagune ,1990,750ml,105.0,12,CVBG
118,Plus de la Fleur de Bouard,2013,750ml,48.0,12,CVBG
119,Margaux,2009,750ml,695.0,12,CVBG
120,Margaux,1998,750ml,395.0,12,CVBG
121,Palmer,1996,750ml,200.0,12,CVBG
122,Rauzan Ségla,2000,750ml,100.0,12,CVBG
123,Sirène de Giscours,2013,750ml,18.0,12,CVBG
124,Mauvesin Barton,2014,750ml,9.9,12,CVBG
125,Lafite Rothschild,1995,750ml,770.0,12,CVBG
126,Lafite Rothschild,1989,750ml,790.0,12,CVBG
127,Latour,2010,750ml,1190.0,12,CVBG
128,Mouton Rothschild,2013,750ml,342.0,12,CVBG
129,Domaine de Chevalier rouge,1988,750ml,80.0,12,CVBG
130,Haut Brion,2009,750ml,700.0,12,CVBG
131,Mission Haut Brion ,2002,750ml,155.0,12,CVBG
132,Mission Haut Brion ,2000,750ml,560.0,12,CVBG
133,Mission Haut Brion Blanc,2012,750ml,480.0,12,CVBG
134,Pape Clément rouge,1999,750ml,108.0,12,CVBG
135,Pape Clément rouge,1996,750ml,120.0,12,CVBG
136,Clinet,2011,750ml,57.0,12,CVBG
137,Eglise Clinet,2010,750ml,315.0,12,CVBG
138,Petrus,2010,750ml,3000.0,12,CVBG
139,Rouget,2014,750ml,24.0,12,CVBG
140,Trotanoy,1999,750ml,125.0,12,CVBG
141,Trotanoy,1988,750ml,150.0,12,CVBG
142,Astéries,2006,750ml,40.0,12,CVBG
143,Ausone,2010,750ml,1250.0,12,CVBG
144,Ausone,2000,750ml,1200.0,12,CVBG
145,Clos Fourtet,2009,750ml,240.0,12,CVBG
146,Gaffelière ,2012,750ml,45.0,12,CVBG
147,Grand Pontet,2015,750ml,18.9,12,CVBG
148,Larcis Ducasse,2006,750ml,40.0,12,CVBG
149,Le Prieuré,2014,750ml,24.0,12,CVBG
150,Magrez Fombrauge,2010,750ml,86.4,12,CVBG
151,Mondotte ,2003,750ml,195.0,12,CVBG
152,Mondotte ,1996,750ml,450.0,12,CVBG
153,Pavie,2005,750ml,380.0,12,CVBG
154,Pavie,1998,750ml,265.0,12,CVBG
155,Pavie Macquin,2005,750ml,115.0,12,CVBG
156,Péby Faugères,2014,750ml,66.0,12,CVBG
157,Calon Ségur,2008,750ml,78.0,12,CVBG
158,Cos d'Estournel,2004,750ml,102.0,12,CVBG
159,Cos d'Estournel,2000,750ml,170.0,12,CVBG
160,Lafon Rochet,2001,750ml,48.0,12,CVBG
161,Montrose,2000,750ml,155.0,12,CVBG
162,Beychevelle,2002,750ml,92.0,12,CVBG
163,Ducru Beaucaillou,2014,750ml,110.0,12,CVBG
164,Gruaud Larose,1990,750ml,180.0,12,CVBG
165,Gruaud Larose,1988,750ml,100.0,12,CVBG
166,Gruaud Larose,1982,750ml,320.0,12,CVBG
167,Léoville Barton,2006,750ml,72.0,12,CVBG
168,Léoville Las Cases,2005,750ml,225.0,12,CVBG
169,Léoville Las Cases,1989,750ml,190.0,12,CVBG
170,Léoville Poyferré,2001,750ml,78.0,12,CVBG
171,Léoville Poyferré,1986,750ml,110.0,12,CVBG
172,Léoville Poyferré,1985,750ml,90.0,12,CVBG
173,Malle ,2007,750ml,21.0,12,CVBG
174,Rieussec,1997,750ml,55.0,12,CVBG
175,Suduiraut,2009,750ml,54.0,12,CVBG
176,Tour Blanche ,1990,750ml,59.0,12,CVBG
177,Yquem,2001,750ml,480.0,12,CVBG
178,Solaia,2012,750ml,135.0,12,CVBG
179,Solaia,2009,750ml,140.0,12,CVBG
180,Solaia,1999,750ml,205.0,12,CVBG
181,La Mouline - Guigal,2013,750ml,210.0,12,CVBG
182,La Turque - Guigal,2013,750ml,210.0,12,CVBG
183,La Turque - Guigal,2012,750ml,225.0,12,CVBG
184,La Turque - Guigal,2011,750ml,225.0,12,CVBG
185,Fourcas Dupré,2011,1500ml,16.5,12,CVBG
186,Latour Martillac blanc,2008,1500ml,40.0,12,CVBG
187,Pape Clément rouge,2014,1500ml,120.0,12,CVBG
188,Smith Haut Lafitte Rouge,2014,1500ml,120.0,12,CVBG
189,Canon la Gaffelière,2012,1500ml,90.0,12,CVBG
190,Ornellaia,2013,1500ml,207.0,12,CVBG
191,Ornellaia,2012,1500ml,210.0,12,CVBG
192,Beychevelle,2014,3000ml,280.0,12,CVBG
193,Climens,2005,375ml,37.5,120,CVBG
194,Larrivaux,2014,750ml,7.2,120,CVBG
195,Chasse Spleen,2014,750ml,20.0,120,CVBG
196,N°2 de Maucaillou,2012,750ml,9.5,120,CVBG
197,Grand Puy Lacoste,2011,750ml,38.5,120,CVBG
198,Mouton Rothschild,2012,750ml,355.0,120,CVBG
199,Malartic Lagravière blanc,2009,750ml,46.0,120,CVBG
200,Canon la Gaffelière,2013,750ml,39.0,120,CVBG
201,Beychevelle,2014,750ml,74.0,120,CVBG
202,Ducru Beaucaillou,2012,750ml,102.0,120,CVBG
203,Léoville Barton,2009,750ml,88.0,120,CVBG
204,Léoville Las Cases,2012,750ml,118.0,120,CVBG
205,Rieussec,2013,750ml,48.0,120,CVBG
206,Yquem,2006,750ml,240.0,120,CVBG
207,Yquem,2000,750ml,258.0,120,CVBG
208,Ornellaia,2011,750ml,110.0,120,CVBG
209,Belgrave,2012,1500ml,34.3,120,CVBG
210,La Garde Blanc,2015,750ml,15.0,1200,CVBG
211,Rahoul,2012,375ml,4.3,1200,CVBG
212,Belgrave,2012,375ml,8.8,1200,CVBG
213,Belgrave,2011,375ml,9.8,1200,CVBG
214,La Garde Rouge,2012,375ml,6.8,1200,CVBG
215,Grand Barrail Lamarzelle Figeac,2014,375ml,6.6,1200,CVBG
216,Guiraud,2011,375ml,21.0,1200,CVBG
217,Guiraud,2005,375ml,15.9,1200,CVBG
218,Yquem,2013,375ml,125.0,1200,CVBG
219,Mont-Pérat Blanc,2015,750ml,6.9,1200,CVBG
220,Croix Mouton,2015,750ml,6.85,1200,CVBG
221,Aiguilhe,2013,750ml,11.8,1200,CVBG
222,Rahoul,2012,750ml,8.0,1200,CVBG
223,Beaumont,2015,750ml,8.7,1200,CVBG
224,Beaumont,2013,750ml,7.8,1200,CVBG
225,Belgrave,2014,750ml,19.0,1200,CVBG
226,Belgrave,2012,750ml,17.0,1200,CVBG
227,Belgrave,2009,750ml,29.0,1200,CVBG
228,Clément Pichon,2013,750ml,9.7,1200,CVBG
229,Lanessan,2011,750ml,9.3,1200,CVBG
230,Peyrabon,2014,750ml,6.8,1200,CVBG
231,Chambrun,2011,750ml,12.9,1200,CVBG
232,Arsac,2015,750ml,13.0,1200,CVBG
233,Baron de Brane,2014,750ml,15.3,1200,CVBG
234,Baron de Brane,2013,750ml,13.8,1200,CVBG
235,Confidences de Prieuré-Lichine,2014,750ml,12.5,1200,CVBG
236,Giscours,2012,750ml,36.0,1200,CVBG
237,Rauzan Ségla,2008,750ml,55.0,1200,CVBG
238,Gressier Grand Poujeaux,2014,750ml,9.9,1200,CVBG
239,Maucaillou,2013,750ml,12.0,1200,CVBG
240,Mauvesin Barton,2015,750ml,10.0,1200,CVBG
241,Echo de Lynch Bages,2014,750ml,25.0,1200,CVBG
242,Grand Puy Lacoste,2013,750ml,31.2,1200,CVBG
243,Réserve de la Comtesse,2015,750ml,26.9,1200,CVBG
244,La Garde Rouge,2014,750ml,14.0,1200,CVBG
245,La Garde Rouge,2011,750ml,13.0,1200,CVBG
246,II de Saint-Pierre,2014,750ml,12.0,1200,CVBG
247,Rouget,2013,750ml,22.5,1200,CVBG
248,Clos des Jacobins,2014,750ml,17.0,1200,CVBG
249,Clos des Jacobins,2013,750ml,15.0,1200,CVBG
250,Dôme,2012,750ml,70.0,1200,CVBG
251,Grand Barrail Lamarzelle Figeac,2012,750ml,12.0,1200,CVBG
252,Grand Barrail Lamarzelle Figeac,2011,750ml,12.5,1200,CVBG
253,Grand Mayne,2014,750ml,22.0,1200,CVBG
254,Grand Pontet,2011,750ml,18.9,1200,CVBG
255,Monbousquet,2014,750ml,28.0,1200,CVBG
256,Monbousquet,2013,750ml,26.0,1200,CVBG
257,Teyssier,2014,750ml,10.5,1200,CVBG
258,Teyssier,2013,750ml,9.85,1200,CVBG
259,Teyssier,2012,750ml,10.5,1200,CVBG
260,Teyssier,2011,750ml,10.75,1200,CVBG
261,Lafon Rochet,2014,750ml,26.0,1200,CVBG
262,Le Boscq ,2013,750ml,12.5,1200,CVBG
263,Le Boscq ,2012,750ml,14.5,1200,CVBG
264,Le Boscq ,2011,750ml,15.0,1200,CVBG
265,Duluc,2012,750ml,15.75,1200,CVBG
266,Léoville Barton,2013,750ml,45.0,1200,CVBG
267,Sigalas Rabaud,2010,750ml,30.0,1200,CVBG
268,Y d'Yquem,2014,750ml,92.0,126,CVBG
269,Cheval Blanc,2014,750ml,370.0,126,CVBG
270,Solaia,1998,750ml,205.0,126,CVBG
271,Rahoul,2010,375ml,5.5,132,CVBG
272,Brumes de La Tour Blanche,2015,375ml,4.75,132,CVBG
273,Mauvesin Barton,2013,750ml,9.9,132,CVBG
274,Latour Martillac blanc,2012,750ml,18.9,132,CVBG
275,Mission Haut Brion ,2014,750ml,170.0,132,CVBG
276,Fombrauge,2011,750ml,19.5,132,CVBG
277,La Fleur,2014,750ml,17.5,132,CVBG
278,Moulin Saint-Georges,2009,750ml,35.0,132,CVBG
279,Lalande Borie,2014,750ml,15.0,132,CVBG
280,Léoville Barton,2014,750ml,55.0,132,CVBG
281,Léoville Barton,1998,750ml,82.0,132,CVBG
282,Léoville Poyferré,2012,750ml,52.0,132,CVBG
283,L'Aventure - Optimus,2013,750ml,35.0,132,CVBG
284,Grand Barrail Lamarzelle Figeac,2014,1500ml,25.3,132,CVBG
285,Girolate blanc,2014,750ml,25.0,138,CVBG
286,Grand Barrail Lamarzelle Figeac,2012,1500ml,24.3,138,CVBG
287,Pedesclaux,2005,750ml,36.0,144,CVBG
288,Smith Haut Lafitte Rouge,2006,750ml,75.0,144,CVBG
289,Cos d'Estournel,2014,750ml,95.0,144,CVBG
290,Petit Bocq,2014,750ml,12.0,144,CVBG
291,Léoville Barton,2005,750ml,98.0,144,CVBG
292,Malescot Saint Exupery,2013,1500ml,57.0,144,CVBG
293,Pavie,2014,1500ml,395.0,144,CVBG
294,Pavillon blanc,2015,750ml,189.0,15,CVBG
295,Mission Haut Brion Blanc,2014,750ml,480.0,15,CVBG
296,Hommage à Jacques Perrin,2014,750ml,230.0,15,CVBG
297,Hommage à Jacques Perrin,2012,750ml,310.0,15,CVBG
298,Hommage à Jacques Perrin,2011,750ml,290.0,15,CVBG
299,Hommage à Jacques Perrin,2009,750ml,275.0,15,CVBG
300,Forts de Latour ,2011,1500ml,310.0,15,CVBG
301,Pape Clément rouge,2012,1500ml,140.0,15,CVBG
302,Troplong Mondot,2014,1500ml,120.0,15,CVBG
303,Lagrange,2014,3000ml,125.0,15,CVBG
304,Climens,2011,750ml,70.0,150,CVBG
305,Hauts du Tertre,2014,750ml,14.0,150,CVBG
306,L'Aventure - Cuvée Estate,2013,750ml,65.0,150,CVBG
307,Aiguilhe,2014,750ml,12.9,156,CVBG
308,Potensac,2013,750ml,12.5,156,CVBG
309,Grand Puy Lacoste,2005,750ml,95.0,156,CVBG
310,Canon,2012,750ml,62.0,156,CVBG
311,Pavie,2014,750ml,200.0,156,CVBG
312,Léoville Las Cases,2003,750ml,180.0,156,CVBG
313,Petit Village,2012,3000ml,200.0,16,CVBG
314,Poujeaux,2012,750ml,18.5,162,CVBG
315,Dominique (la),2013,750ml,25.0,162,CVBG
316,L'Aventure - Optimus,2014,750ml,33.0,162,CVBG
317,Clos Apalta,2011,750ml,60.0,162,CVBG
318,Solaia,2011,750ml,130.0,162,CVBG
319,Fourcas Dupré,2012,1500ml,17.3,162,CVBG
320,Sénéjac,2012,375ml,3.95,168,CVBG
321,Malartic Lagravière blanc,2012,750ml,34.8,168,CVBG
322,Corbin,2013,750ml,16.2,168,CVBG
323,Moulin Saint-Georges,2011,750ml,20.0,174,CVBG
324,G de Guiraud,2016,750ml,7.6,18,CVBG
325,R de Rieussec,2014,750ml,12.0,18,CVBG
326,Lafite Rothschild,2013,750ml,460.0,18,CVBG
327,Latour,2007,750ml,410.0,18,CVBG
328,Latour,2004,750ml,450.0,18,CVBG
329,Latour,2000,750ml,820.0,18,CVBG
330,Haut Brion,2008,750ml,375.0,18,CVBG
331,Fleur Petrus,2010,750ml,215.0,18,CVBG
332,Hosanna,2004,750ml,89.0,18,CVBG
333,Trotanoy,2012,750ml,175.0,18,CVBG
334,Ausone,2011,750ml,590.0,18,CVBG
335,Péby Faugères,2013,750ml,60.0,18,CVBG
336,Cos d'Estournel,2012,750ml,94.0,18,CVBG
337,Léoville Las Cases,1983,750ml,180.0,18,CVBG
338,Vérité - La Joie,2013,750ml,250.0,18,CVBG
339,Vérité - La Muse,2013,750ml,250.0,18,CVBG
340,Vérité - Le Désir,2013,750ml,250.0,18,CVBG
341,Hommage à Jacques Perrin,2013,750ml,250.0,18,CVBG
342,Hommage à Jacques Perrin,2010,750ml,335.0,18,CVBG
343,Belgrave,1995,1500ml,90.0,18,CVBG
344,Malescot Saint Exupery,2012,1500ml,68.0,18,CVBG
345,Domaine de Chevalier rouge,2014,1500ml,80.0,18,CVBG
346,Tour Figeac,2006,1500ml,80.0,18,CVBG
347,Cos d'Estournel,2014,1500ml,190.0,18,CVBG
348,Sarget de Gruaud Larose,2014,1500ml,38.0,18,CVBG
349,Sena,2014,1500ml,150.0,18,CVBG
350,Ausone,2007,3000ml,2200.0,18,CVBG
351,Pavie Macquin,2014,3000ml,198.0,18,CVBG
352,Dauphine (la),2014,750ml,10.8,180,CVBG
353,Margaux,2013,750ml,345.0,180,CVBG
354,Clerc Milon,2011,750ml,68.0,180,CVBG
355,Duhart-Milon,2011,750ml,62.0,180,CVBG
356,Cheval Blanc,2012,750ml,350.0,180,CVBG
357,Fonroque,2014,750ml,15.5,180,CVBG
358,Phélan Ségur,2014,750ml,26.5,180,CVBG
359,Connetable de Talbot,2014,750ml,17.5,180,CVBG
360,Rieussec,2010,750ml,48.0,180,CVBG
361,Rieussec,2007,750ml,48.0,180,CVBG
362,Suduiraut,2010,750ml,48.5,180,CVBG
363,Margaux,2012,750ml,365.0,186,CVBG
364,Connetable de Talbot,2015,750ml,17.5,186,CVBG
365,Cambon la pelouse,2007,1500ml,19.0,186,CVBG
366,Latour Martillac rouge,2014,6000ml,220.0,19,CVBG
367,Haut Bailly,2012,750ml,60.0,192,CVBG
368,Pape Clément rouge,2014,750ml,62.0,192,CVBG
369,Quintus,2013,750ml,60.0,192,CVBG
370,Gloria,2013,750ml,19.8,192,CVBG
371,Cruzelles ,2015,750ml,16.5,198,CVBG
372,Blason d'Issan,2014,750ml,16.5,198,CVBG
373,Beau Séjour Bécot,2011,750ml,38.0,198,CVBG
374,Chauvin,2014,750ml,20.4,198,CVBG
375,Clos La Madeleine,2013,750ml,17.4,198,CVBG
376,Yquem,2011,750ml,250.0,198,CVBG
377,Extravagant de Doisy Daene,2003,375ml,150.0,2,CVBG
378,Doisy-Daene,1975,750ml,75.0,2,CVBG
379,Y d'Yquem,2014,750ml,92.0,2,CVBG
380,Margaux,2006,750ml,398.0,2,CVBG
381,Pavillon rouge,2014,750ml,155.0,2,CVBG
382,Rauzan Ségla,2014,750ml,55.0,2,CVBG
383,Eglise Clinet,2010,750ml,315.0,2,CVBG
384,Ausone,2003,750ml,1050.0,2,CVBG
385,Ausone,2000,750ml,1200.0,2,CVBG
386,Cheval Blanc,2005,750ml,610.0,2,CVBG
387,Dôme,2012,750ml,70.0,2,CVBG
388,Pavie Decesse,2010,750ml,145.0,2,CVBG
389,Cos d'Estournel,2003,750ml,165.0,2,CVBG
390,Rieussec,2014,750ml,42.0,2,CVBG
391,Bonnes Mares - Dujac,2007,750ml,350.0,2,CVBG
392,Clos de Bèze - Rousseau,2011,750ml,790.0,2,CVBG
393,Clos Apalta,2009,750ml,65.0,2,CVBG
394,Sena,2013,750ml,75.0,2,CVBG
395,Sena,2009,750ml,77.0,2,CVBG
396,Solaia,2013,750ml,140.0,2,CVBG
397,Solaia,2011,750ml,130.0,2,CVBG
398,Hommage à Jacques Perrin,2014,750ml,230.0,2,CVBG
399,Hommage à Jacques Perrin,2007,750ml,480.0,2,CVBG
400,Latour Martillac rouge,2007,1500ml,50.0,2,CVBG
401,Clos Apalta,2012,1500ml,115.0,2,CVBG
402,Solaia,2009,1500ml,300.0,2,CVBG
403,Hommage à Jacques Perrin,2013,1500ml,500.0,2,CVBG
404,Hommage à Jacques Perrin,2012,1500ml,620.0,2,CVBG
405,Hommage à Jacques Perrin,2011,1500ml,600.0,2,CVBG
406,Yquem,2013,12000ml,4150.0,2,CVBG
407,Petit Village,2012,15000ml,1190.0,2,CVBG
408,Yquem,2014,15000ml,5000.0,2,CVBG
409,Yquem,2013,15000ml,5250.0,2,CVBG
410,Margaux,2014,3000ml,1400.0,2,CVBG
411,Lafite Rothschild,2005,3000ml,3750.0,2,CVBG
412,Pontet Canet,2014,3000ml,300.0,2,CVBG
413,Cheval Blanc,2012,3000ml,1600.0,2,CVBG
414,Ornellaia,2013,3000ml,430.0,2,CVBG
415,Ornellaia,2012,3000ml,435.0,2,CVBG
416,Ornellaia,2011,3000ml,475.0,2,CVBG
417,Brane Cantenac,2005,5000ml,770.0,2,CVBG
418,Brane Cantenac,2001,5000ml,530.0,2,CVBG
419,Brane Cantenac,2000,5000ml,790.0,2,CVBG
420,Belgrave,2001,6000ml,212.0,2,CVBG
421,Brane Cantenac,2005,6000ml,920.0,2,CVBG
422,Malescot Saint Exupery,2014,6000ml,300.0,2,CVBG
423,Clerc Milon,2005,6000ml,680.0,2,CVBG
424,Latour,2007,6000ml,3200.0,2,CVBG
425,Lafleur,2006,6000ml,7000.0,2,CVBG
426,Pavie,2014,6000ml,1600.0,2,CVBG
427,Ornellaia,2014,6000ml,1035.0,2,CVBG
428,Domaine de Chevalier rouge,2012,9000ml,600.0,2,CVBG
429,Yquem,2013,9000ml,3100.0,2,CVBG
430,Gruaud Larose,2004,5000ml,420.0,20,CVBG
431,Joanin Bécot,2013,750ml,12.0,204,CVBG
432,Peyrabon,2002,750ml,7.3,204,CVBG
433,Lafite Rothschild,2012,750ml,470.0,204,CVBG
434,Montviel,2015,750ml,22.0,204,CVBG
435,Montviel,2012,750ml,19.2,204,CVBG
436,Nénin,2010,750ml,44.0,204,CVBG
437,Dominique (la),2010,750ml,40.0,204,CVBG
438,Langoa Barton,2014,750ml,33.0,204,CVBG
439,Sigalas Rabaud,2009,750ml,30.0,204,CVBG
440,Almaviva,2011,750ml,82.0,204,CVBG
441,Ausone,2012,750ml,420.0,21,CVBG
442,Mission Haut Brion ,2006,3000ml,1320.0,21,CVBG
443,R de Rieussec,2015,750ml,12.0,210,CVBG
444,Fleur Peyrabon,2013,750ml,12.5,210,CVBG
445,Eglise Clinet,2013,750ml,120.0,210,CVBG
446,Cambon la pelouse,2014,375ml,5.1,216,CVBG
447,Malescot Saint Exupery,2014,375ml,16.0,216,CVBG
448,Lynch Bages,2000,375ml,112.0,216,CVBG
449,Réserve de la Comtesse,2015,375ml,14.0,216,CVBG
450,Carlmagnus,2011,750ml,8.5,216,CVBG
451,Gurgue (la),2015,750ml,13.9,216,CVBG
452,Marquis de Terme,2014,750ml,24.0,216,CVBG
453,La Garde Blanc,2013,750ml,15.0,216,CVBG
454,Smith Haut Lafitte Rouge,2014,750ml,60.0,216,CVBG
455,Canon la Gaffelière,2012,750ml,48.0,216,CVBG
456,Corbin,2014,750ml,17.5,216,CVBG
457,Dragon de Quintus,2013,750ml,15.0,216,CVBG
458,Meyney,2006,750ml,23.5,216,CVBG
459,Vinedo Chadwick,2010,750ml,175.0,216,CVBG
460,Saint-Pierre,2012,750ml,30.6,222,CVBG
461,Vinedo Chadwick,2011,750ml,165.0,225,CVBG
462,Yquem,2011,375ml,125.0,228,CVBG
463,Lune d'Argent,2015,750ml,8.35,228,CVBG
464,Confession,2012,750ml,19.5,228,CVBG
465,N°2 de Maucaillou,2014,750ml,9.5,234,CVBG
466,Léoville Las Cases,2007,750ml,130.0,234,CVBG
467,Taylors Vintage,2003,750ml,62.0,234,CVBG
468,Petit Caillou,2014,1500ml,30.0,234,CVBG
469,Lafite Rothschild,2007,375ml,350.0,24,CVBG
470,Yquem,2014,375ml,125.0,24,CVBG
471,Climens,2010,750ml,72.0,24,CVBG
472,Cos d'Estournel Blanc,2015,750ml,85.0,24,CVBG
473,Pavillon blanc,2003,750ml,165.0,24,CVBG
474,Sénéjac,2011,750ml,8.2,24,CVBG
475,Alter Ego,2014,750ml,45.0,24,CVBG
476,Issan ,2009,750ml,68.0,24,CVBG
477,Margaux,2011,750ml,360.0,24,CVBG
478,Margaux,1996,750ml,690.0,24,CVBG
479,Palmer,2009,750ml,255.0,24,CVBG
480,Armailhac,2014,750ml,34.0,24,CVBG
481,Lafite Rothschild,2007,750ml,698.0,24,CVBG
482,Lafite Rothschild,2001,750ml,698.0,24,CVBG
483,Latour,2005,750ml,690.0,24,CVBG
484,Latour,2002,750ml,470.0,24,CVBG
485,Pichon Comtesse de Lalande,1986,750ml,225.0,24,CVBG
486,Pontet Canet,2003,750ml,90.0,24,CVBG
487,Carbonnieux rouge,2013,750ml,21.9,24,CVBG
488,Haut Brion,2007,750ml,350.0,24,CVBG
489,Haut Brion,2000,750ml,695.0,24,CVBG
490,Mission Haut Brion ,2012,750ml,175.0,24,CVBG
491,Mission Haut Brion ,2011,750ml,155.0,24,CVBG
492,Pape Clément rouge,2004,750ml,82.0,24,CVBG
493,Smith Haut Lafitte blanc,2011,750ml,72.0,24,CVBG
494,Evangile ,2015,750ml,160.0,24,CVBG
495,Latour à Pomerol,2007,750ml,44.0,24,CVBG
496,Angélus,2010,750ml,320.0,24,CVBG
497,Canon,2005,750ml,95.0,24,CVBG
498,Cheval Blanc,2001,750ml,420.0,24,CVBG
499,Cheval Blanc,1995,750ml,470.0,24,CVBG
500,Cheval Blanc,1994,750ml,325.0,24,CVBG
501,Pavie Decesse,2013,750ml,74.0,24,CVBG
502,Petit Cheval,2013,750ml,118.0,24,CVBG
503,Cos d'Estournel,2009,750ml,295.0,24,CVBG
504,Ducru Beaucaillou,1982,750ml,390.0,24,CVBG
505,Lagrange,2009,750ml,45.0,24,CVBG
506,Léoville Poyferré,2009,750ml,195.0,24,CVBG
507,Léoville Poyferré,2003,750ml,115.0,24,CVBG
508,Saint-Pierre,1996,750ml,56.0,24,CVBG
509,Talbot,2014,750ml,42.0,24,CVBG
510,Talbot,2009,750ml,60.0,24,CVBG
511,Almaviva,2012,750ml,79.0,24,CVBG
512,Ornellaia,2006,750ml,145.0,24,CVBG
513,Solaia,2013,750ml,140.0,24,CVBG
514,Brane Cantenac,2003,1500ml,135.0,24,CVBG
515,Clinet,2014,1500ml,100.0,24,CVBG
516,Conseillante ,2014,1500ml,140.0,24,CVBG
517,Ausone,2003,1500ml,2400.0,24,CVBG
518,Gruaud Larose,2014,1500ml,95.0,24,CVBG
519,Léoville Las Cases,2012,1500ml,220.0,24,CVBG
520,Talbot,1998,1500ml,145.0,24,CVBG
521,Belgrave,2014,375ml,9.8,240,CVBG
522,Alter Ego,2013,375ml,19.0,240,CVBG
523,Joanin Bécot,2010,750ml,14.0,240,CVBG
524,Vieille Cure ,2006,750ml,11.9,240,CVBG
525,Siran,2012,750ml,19.5,240,CVBG
526,Lynch Moussas,2009,750ml,35.0,240,CVBG
527,Clarté de Haut-Brion,2013,750ml,66.0,240,CVBG
528,Barde-Haut,2014,750ml,21.5,240,CVBG
529,La Fleur,2013,750ml,16.2,240,CVBG
530,Du Glana,2011,750ml,13.0,240,CVBG
531,Léoville Poyferré,2006,750ml,70.0,240,CVBG
532,Ornellaia,2013,750ml,95.0,240,CVBG
533,Clos des Jacobins,2014,1500ml,35.0,240,CVBG
534,Monbousquet,2013,1500ml,50.0,240,CVBG
535,Latour Martillac rouge,2013,375ml,8.95,252,CVBG
536,Potensac,2012,750ml,15.5,252,CVBG
537,Dragon de Quintus,2014,750ml,17.0,252,CVBG
538,Léoville Poyferré,2013,750ml,45.0,252,CVBG
539,Ornellaia,2012,750ml,100.0,252,CVBG
540,N°2 de Maucaillou,2015,750ml,9.8,258,CVBG
541,Belgrave,2010,375ml,15.3,264,CVBG
542,Sociando-Mallet,2014,750ml,19.0,264,CVBG
543,Blason d'Issan,2013,750ml,13.8,264,CVBG
544,Ferrière,2011,750ml,26.8,264,CVBG
545,Haut Bages Libéral,2014,750ml,24.0,264,CVBG
546,Saint-Pierre (Pomerol),2014,750ml,29.0,264,CVBG
547,Frank Phélan,2012,750ml,13.5,264,CVBG
548,Meyney,2014,750ml,19.8,264,CVBG
549,Guiraud,2011,750ml,42.0,264,CVBG
550,Les Griffons de Pichon Baron,2012,1500ml,50.0,27,CVBG
551,Girolate,2014,750ml,30.0,270,CVBG
552,Pontet Canet,2011,750ml,69.0,270,CVBG
553,La Fleur,2015,750ml,20.0,270,CVBG
554,Cambon la pelouse,2012,375ml,5.0,276,CVBG
555,Mouton Rothschild,2014,750ml,360.0,276,CVBG
556,Pontet Canet,2009,750ml,195.0,276,CVBG
557,Dassault,2013,750ml,18.0,276,CVBG
558,Calon Ségur,2010,750ml,85.0,276,CVBG
559,Lalande Borie,2010,750ml,24.0,276,CVBG
560,Quintus,2014,750ml,67.0,282,CVBG
561,Le Serre Nuove dell' Ornellaia,2013,750ml,25.5,282,CVBG
562,Marquis de Terme,2014,375ml,12.2,288,CVBG
563,Mont-Pérat Blanc,2013,750ml,6.7,288,CVBG
564,Lynch Bages,2014,750ml,78.0,288,CVBG
565,Pichon Comtesse de Lalande,2003,750ml,135.0,288,CVBG
566,Carbonnieux blanc,2015,750ml,22.0,288,CVBG
567,Parde de Haut-Bailly,2012,750ml,16.5,288,CVBG
568,Confession,2011,750ml,20.0,288,CVBG
569,Cap d'Or,2014,750ml,6.95,288,CVBG
570,Monbousquet,2014,1500ml,56.0,294,CVBG
571,Extravagant de Doisy Daene,2004,375ml,105.0,3,CVBG
572,Lafite Rothschild,1976,730ml,820.0,3,CVBG
573,Margaux,2006,750ml,398.0,3,CVBG
574,Carruades de Lafite,2015,750ml,210.0,3,CVBG
575,Mouton Rothschild,2014,750ml,360.0,3,CVBG
576,Mission Haut Brion ,2013,750ml,125.0,3,CVBG
577,Trotanoy,2006,750ml,120.0,3,CVBG
578,Arômes de Pavie,2012,750ml,50.0,3,CVBG
579,Cheval Blanc,2012,750ml,350.0,3,CVBG
580,Figeac,2010,750ml,168.0,3,CVBG
581,Troplong Mondot,2011,750ml,57.6,3,CVBG
582,Montrose,2005,750ml,120.0,3,CVBG
583,Clos Haut Peyraguey,2014,750ml,23.0,3,CVBG
584,Yquem,2006,750ml,240.0,3,CVBG
585,Vérité - La Joie,2013,750ml,250.0,3,CVBG
586,Vérité - La Muse,2013,750ml,250.0,3,CVBG
587,Masseto,2011,750ml,490.0,3,CVBG
588,La Turque - Guigal,2008,750ml,165.0,3,CVBG
589,Léoville Las Cases,1975,1480ml,390.0,3,CVBG
590,Margaux,2012,1500ml,695.0,3,CVBG
591,Palmer,2004,1500ml,350.0,3,CVBG
592,Pavillon rouge,2012,1500ml,280.0,3,CVBG
593,Rauzan Ségla,2012,1500ml,115.0,3,CVBG
594,Pichon Comtesse de Lalande,2014,1500ml,180.0,3,CVBG
595,Réserve de la Comtesse,2012,1500ml,45.0,3,CVBG
596,Mission Haut Brion ,2006,1500ml,660.0,3,CVBG
597,Eglise Clinet,2014,1500ml,300.0,3,CVBG
598,Eglise Clinet,2012,1500ml,375.0,3,CVBG
599,Ausone,2012,1500ml,850.0,3,CVBG
600,Clos Fourtet,1986,1500ml,220.0,3,CVBG
601,Ducru Beaucaillou,2012,1500ml,200.0,3,CVBG
602,Léoville Poyferré,2007,1500ml,108.0,3,CVBG
603,Cardinale,2013,1500ml,390.0,3,CVBG
604,Opus One,2011,1500ml,520.0,3,CVBG
605,Ornellaia,2011,1500ml,230.0,3,CVBG
606,Ornellaia,2006,1500ml,290.0,3,CVBG
607,Solaia,2013,1500ml,300.0,3,CVBG
608,Brane Cantenac,2002,3000ml,240.0,3,CVBG
609,Mouton Rothschild,2014,3000ml,1380.0,3,CVBG
610,Yquem,2011,3000ml,1000.0,3,CVBG
611,Brane Cantenac,2002,6000ml,480.0,3,CVBG
612,La Garde Rouge,1998,6000ml,161.0,3,CVBG
613,Yquem,2001,6000ml,5000.0,3,CVBG
614,Doisy-Daene,2003,750ml,26.0,30,CVBG
615,Margaux,2001,750ml,438.0,30,CVBG
616,Lafite Rothschild,2011,750ml,470.0,30,CVBG
617,Lafite Rothschild,2002,750ml,698.0,30,CVBG
618,Mouton Rothschild,2010,750ml,670.0,30,CVBG
619,Mission Haut Brion Blanc,2015,750ml,480.0,30,CVBG
620,Evangile ,2010,750ml,208.0,30,CVBG
621,Fayat,2013,750ml,16.5,30,CVBG
622,Trotanoy,2001,750ml,160.0,30,CVBG
623,Figeac,2012,750ml,85.0,30,CVBG
624,Montrose,2009,750ml,240.0,30,CVBG
625,Cardinale,2013,750ml,175.0,30,CVBG
626,Clos Apalta,2012,750ml,56.0,30,CVBG
627,Vega Sicilia Unico,2005,750ml,230.0,30,CVBG
628,Solaia,2010,750ml,150.0,30,CVBG
629,Belgrave,2014,1500ml,38.3,30,CVBG
630,Ausone,2007,1500ml,1100.0,30,CVBG
631,Pichon Baron,2012,750ml,75.0,300,CVBG
632,Chauvin,2015,750ml,24.0,300,CVBG
633,Calon Ségur,2009,750ml,87.0,300,CVBG
634,Clos du Marquis,2014,750ml,35.0,300,CVBG
635,Saint-Pierre,2011,750ml,33.6,300,CVBG
636,Carmes de Rieussec,2008,750ml,16.0,300,CVBG
637,Vinedo Chadwick,2014,750ml,220.0,300,CVBG
638,Vinedo Chadwick,2012,750ml,155.0,300,CVBG
639,Latour Martillac rouge,2014,1500ml,42.0,300,CVBG
640,Haut Brion,2014,750ml,330.0,306,CVBG
641,Ornellaia,2014,1500ml,207.0,31,CVBG
642,Climens,2011,375ml,35.0,312,CVBG
643,Clément Pichon,2014,750ml,10.3,312,CVBG
644,Pedesclaux,2014,750ml,25.0,312,CVBG
645,Haut Bailly,2011,750ml,55.0,312,CVBG
646,Confession,2013,750ml,17.9,312,CVBG
647,Echo de Lynch Bages,2011,750ml,26.0,324,CVBG
648,Lynch Bages,2005,750ml,142.0,324,CVBG
649,Chasse Spleen,2014,1500ml,40.0,33,CVBG
650,Fleur Peyrabon,2014,750ml,13.8,330,CVBG
651,Branaire Ducru,2012,750ml,32.0,330,CVBG
652,Le Boscq ,2011,375ml,7.8,336,CVBG
653,Mont-Pérat Blanc,2014,750ml,6.7,336,CVBG
654,Pèlerins de Lafon Rochet,2014,750ml,13.8,336,CVBG
655,Figeac,2010,750ml,168.0,342,CVBG
656,Gurgue (la),2013,750ml,10.9,348,CVBG
657,Rol Valentin,2011,750ml,21.0,348,CVBG
658,Grand Pontet,2010,750ml,28.5,354,CVBG
659,Lilian Ladouys,2013,750ml,9.9,354,CVBG
660,Lafite Rothschild,2011,375ml,250.0,36,CVBG
661,Latour,2005,375ml,350.0,36,CVBG
662,Sigalas Rabaud,2009,375ml,17.0,36,CVBG
663,Doisy-Daene (Bordeaux Blanc),2012,750ml,10.6,36,CVBG
664,Monbousquet blanc,2014,750ml,38.0,36,CVBG
665,Clos Lunelles,2007,750ml,11.95,36,CVBG
666,Marjosse Blanc,2014,750ml,5.3,36,CVBG
667,Vieille Cure ,2013,750ml,10.5,36,CVBG
668,Labégorce,2010,750ml,30.0,36,CVBG
669,Margaux,2010,750ml,690.0,36,CVBG
670,Rauzan Ségla,1982,750ml,138.0,36,CVBG
671,Mauvesin Barton,2011,750ml,9.9,36,CVBG
672,Lafite Rothschild,2004,750ml,710.0,36,CVBG
673,Latour,1999,750ml,480.0,36,CVBG
674,Haut Bailly,2005,750ml,115.0,36,CVBG
675,Haut Brion,1999,750ml,390.0,36,CVBG
676,Evangile ,2009,750ml,350.0,36,CVBG
677,Ausone,2004,750ml,475.0,36,CVBG
678,Bellevue Mondotte,2010,750ml,216.0,36,CVBG
679,Cheval Blanc,2004,750ml,380.0,36,CVBG
680,Cheval Blanc,2000,750ml,750.0,36,CVBG
681,Fleur Cardinale,2013,750ml,22.0,36,CVBG
682,Fleur Cardinale,2012,750ml,29.5,36,CVBG
683,Grand Pontet,2008,750ml,20.5,36,CVBG
684,Larcis Ducasse,2014,750ml,42.0,36,CVBG
685,Pavie Decesse,2010,750ml,145.0,36,CVBG
686,Cos d'Estournel,2011,750ml,95.0,36,CVBG
687,Branaire Ducru,2011,750ml,34.0,36,CVBG
688,Ducru Beaucaillou,2006,750ml,132.0,36,CVBG
689,Ducru Beaucaillou,2005,750ml,185.0,36,CVBG
690,Léoville Las Cases,2013,750ml,98.0,36,CVBG
691,Léoville Las Cases,1982,750ml,450.0,36,CVBG
692,Suduiraut,2003,750ml,43.0,36,CVBG
693,Clément Pichon,2012,1500ml,21.0,36,CVBG
694,Sociando-Mallet,2014,1500ml,37.5,36,CVBG
695,Monbousquet,2012,1500ml,60.0,36,CVBG
696,Le Boscq ,2013,1500ml,25.3,36,CVBG
697,Thieuley rouge,2015,750ml,5.0,360,CVBG
698,Chantegrive rouge,2014,750ml,8.5,360,CVBG
699,Haura,2015,750ml,8.0,360,CVBG
700,Grand Barrail Lamarzelle Figeac,2013,750ml,10.5,360,CVBG
701,Tâche d'Encre - Derenoncourt California,2010,750ml,62.0,360,CVBG
702,Haut Bailly,2014,750ml,62.0,366,CVBG
703,Clos de l'Oratoire,2013,750ml,19.5,366,CVBG
704,Potensac,2013,375ml,6.65,372,CVBG
705,Réserve de Malartic,2015,750ml,13.2,372,CVBG
706,Troplong Mondot,2012,750ml,65.0,372,CVBG
707,Lagrange,2011,750ml,29.0,372,CVBG
708,Quinault L'Enclos,2015,750ml,21.6,378,CVBG
709,La Garde Rouge,2012,1500ml,26.3,378,CVBG
710,Grand Barrail Lamarzelle Figeac,2013,375ml,5.6,384,CVBG
711,Dauphine (la),2013,750ml,9.6,384,CVBG
712,Brane Cantenac,2014,750ml,39.0,384,CVBG
713,Beau Séjour Bécot,2014,750ml,38.0,384,CVBG
714,Clos La Madeleine,2014,750ml,17.9,384,CVBG
715,Le Boscq ,2007,750ml,16.0,384,CVBG
716,Branaire Ducru,2014,1500ml,64.0,39,CVBG
717,Chasse Spleen,2013,750ml,17.5,390,CVBG
718,Dôme,2013,750ml,65.0,390,CVBG
719,Sena,2014,375ml,36.5,396,CVBG
720,Armailhac,2010,750ml,50.0,396,CVBG
721,Pichon Baron,2014,750ml,79.0,396,CVBG
722,Réserve de la Comtesse,2014,750ml,24.0,396,CVBG
723,Latour Martillac blanc,2013,750ml,18.9,396,CVBG
724,Smith Haut Lafitte Rouge,2013,750ml,45.0,396,CVBG
725,Canon,2013,750ml,45.0,396,CVBG
726,Charmes de Grand Corbin,2011,750ml,8.3,396,CVBG
727,Ornellaia,2014,750ml,86.0,396,CVBG
728,Climens,2002,750ml,50.0,4,CVBG
729,Chasse Spleen,1995,750ml,45.0,4,CVBG
730,Laville Haut Brion,2008,750ml,210.0,4,CVBG
731,Petrus,1988,750ml,1750.0,4,CVBG
732,Clos de la Roche - Dujac,2009,750ml,525.0,4,CVBG
733,Sena,2012,750ml,75.0,4,CVBG
734,Belgrave,2007,3000ml,117.0,4,CVBG
735,Malescot Saint Exupery,2014,3000ml,145.0,4,CVBG
736,Pavie,2014,3000ml,800.0,4,CVBG
737,La Garde Rouge,1997,6000ml,150.0,4,CVBG
738,Marquis de Terme,2014,6000ml,230.0,40,CVBG
739,Haut Marbuzet,2014,750ml,27.5,402,CVBG
740,Lagrange,2014,750ml,28.0,402,CVBG
741,Pichon Comtesse de Lalande,2008,750ml,90.0,408,CVBG
742,Smith Haut Lafitte Rouge,2011,750ml,58.0,408,CVBG
743,Quintus,2012,750ml,72.0,408,CVBG
744,Dame de Montrose ,2015,750ml,26.5,408,CVBG
745,Le Boscq ,2014,1500ml,31.3,408,CVBG
746,Cos d'Estournel,2006,750ml,105.0,414,CVBG
747,Bel-Air 'Jean & Gabriel',2015,1500ml,19.8,414,CVBG
748,Coutet,2012,750ml,31.0,42,CVBG
749,Marsau,2002,750ml,9.9,42,CVBG
750,Allées de Cantemerle,2011,750ml,9.15,42,CVBG
751,Pichon Comtesse de Lalande,2014,750ml,90.0,42,CVBG
752,Laville Haut Brion,2006,750ml,330.0,42,CVBG
753,Le Gay,2015,750ml,78.0,42,CVBG
754,Beauséjour Duffau-lagarrosse,2013,750ml,45.6,42,CVBG
755,Stagecoach - Derenoncourt California,2010,750ml,42.0,42,CVBG
756,Palmer,2014,1500ml,340.0,42,CVBG
757,Lacoste Borie,2014,1500ml,32.0,42,CVBG
758,Pedesclaux,2013,1500ml,38.2,42,CVBG
759,Pichon Comtesse de Lalande,2011,1500ml,145.0,42,CVBG
760,Réserve de la Comtesse,2012,1500ml,45.0,42,CVBG
761,Potensac,2012,375ml,6.95,420,CVBG
762,Fugue de Nénin,2014,375ml,8.3,420,CVBG
763,Sénéjac,2014,750ml,8.0,420,CVBG
764,Lespault-Martillac Rouge,2014,750ml,15.6,420,CVBG
765,Pierre Ier,2014,750ml,10.4,420,CVBG
766,Joanin Bécot,2011,750ml,13.25,432,CVBG
767,Prélude de Marsau,2012,750ml,5.1,432,CVBG
768,La Garde Rouge,2014,1500ml,28.3,432,CVBG
769,Chapelle de la Mission,2011,750ml,48.0,438,CVBG
770,Rahoul,2014,375ml,4.55,444,CVBG
771,Pontet Canet,2008,750ml,75.0,444,CVBG
772,La Garde Rouge,2012,750ml,13.0,444,CVBG
773,Bon Pasteur ,2011,750ml,37.5,444,CVBG
774,Fleur Cardinale,2015,750ml,28.0,444,CVBG
775,Quintus,2011,750ml,96.0,444,CVBG
776,Troplong Mondot,2014,750ml,59.0,444,CVBG
777,Cantemerle,2014,1500ml,38.0,45,CVBG
778,Lafite Rothschild,2013,1500ml,900.0,45,CVBG
779,Saint-Pierre,2013,750ml,27.5,450,CVBG
780,Le Boscq ,2011,1500ml,30.3,450,CVBG
781,Frank Phélan,2014,375ml,7.9,456,CVBG
782,Coutet,2010,750ml,45.6,456,CVBG
783,Tronquoy Lalande,2012,750ml,18.0,462,CVBG
784,Lascombes,2014,750ml,50.0,468,CVBG
785,Fieuzal rouge,2012,750ml,24.0,468,CVBG
786,Arômes de Pavie,2012,750ml,50.0,468,CVBG
787,Fombrauge,2006,750ml,21.5,468,CVBG
788,Fonseca Vintage,2000,750ml,57.8,468,CVBG
789,Rahoul,2014,1500ml,17.3,468,CVBG
790,Dutruch Grand Poujeaux,2014,750ml,10.75,474,CVBG
791,Fugue de Nénin,2014,750ml,18.5,474,CVBG
792,Sigalas Rabaud,2011,750ml,28.5,474,CVBG
793,Climens,2014,375ml,22.7,48,CVBG
794,Climens,2007,375ml,65.0,48,CVBG
795,Du Glana,2014,375ml,7.3,48,CVBG
796,Klein Constantia - Vin de Constance,2013,500ml,44.0,48,CVBG
797,Clos Sainte Hune - Trimbach,2009,750ml,120.0,48,CVBG
798,Blanc de Chasse Spleen,2015,750ml,12.5,48,CVBG
799,Marjosse Blanc (Bordeaux),2016,750ml,5.3,48,CVBG
800,Margaux,2004,750ml,390.0,48,CVBG
801,Forts de Latour ,2009,750ml,185.0,48,CVBG
802,Lynch Bages,2000,750ml,215.0,48,CVBG
803,Chapelle de la Mission,2008,750ml,53.0,48,CVBG
804,La Garde Blanc,2014,750ml,15.0,48,CVBG
805,Latour à Pomerol,2014,750ml,50.0,48,CVBG
806,Trotanoy,2014,750ml,155.0,48,CVBG
807,Angélus,2014,750ml,230.0,48,CVBG
808,Astéries,2008,750ml,40.0,48,CVBG
809,Ausone,2007,750ml,440.0,48,CVBG
810,Barde-Haut,2006,750ml,19.2,48,CVBG
811,Cheval Blanc,2003,750ml,410.0,48,CVBG
812,Clos Fourtet,2005,750ml,165.0,48,CVBG
813,Dassault,2014,750ml,19.5,48,CVBG
814,Dragon de Quintus,2011,750ml,24.0,48,CVBG
815,Grand Mayne,2010,750ml,33.0,48,CVBG
816,Grand Pontet,2007,750ml,15.4,48,CVBG
817,Pavie,2013,750ml,185.0,48,CVBG
818,Valandraud ,2012,750ml,85.0,48,CVBG
819,Cos d'Estournel,2002,750ml,120.0,48,CVBG
820,Langoa Barton,2011,750ml,34.5,48,CVBG
821,Léoville Poyferré,2011,750ml,51.6,48,CVBG
822,Suduiraut,1975,750ml,75.0,48,CVBG
823,Pedesclaux,2014,1500ml,50.0,48,CVBG
824,Tignanello,2014,1500ml,155.0,48,CVBG
825,Belgrave,2000,375ml,17.5,480,CVBG
826,Marquis de Terme,2013,375ml,11.5,480,CVBG
827,Fiefs de Lagrange ,2014,375ml,7.9,480,CVBG
828,Suduiraut,1989,375ml,18.5,480,CVBG
829,Chambrun,2014,750ml,12.9,480,CVBG
830,La Chenade ,2015,750ml,11.8,480,CVBG
831,Lascombes,2011,750ml,52.0,480,CVBG
832,Calon Ségur,2011,750ml,75.0,480,CVBG
833,Sarget de Gruaud Larose,2015,750ml,19.0,480,CVBG
834,Brane Cantenac,2012,750ml,41.0,486,CVBG
835,Margaux de Brane ,2014,750ml,11.0,486,CVBG
836,Y d'Yquem,2015,750ml,92.0,492,CVBG
837,Pichon Comtesse de Lalande,2009,750ml,145.0,492,CVBG
838,Saint-Estèphe de Montrose,2014,750ml,15.6,492,CVBG
839,Saint-Pierre,2014,750ml,31.5,492,CVBG
840,Reynon Blanc,2014,750ml,5.75,498,CVBG
841,Sénéjac,2013,750ml,7.8,498,CVBG
842,Rauzan Ségla,2008,750ml,55.0,5,CVBG
843,Petrus,1985,750ml,1750.0,5,CVBG
844,Montrose,2000,750ml,155.0,5,CVBG
845,Léoville Poyferré,2011,750ml,51.6,5,CVBG
846,Bonnes Mares - Vogüé,2013,750ml,375.0,5,CVBG
847,Chambertin - Rousseau,2011,750ml,790.0,5,CVBG
848,Clos des Ruchottes - Rousseau,1999,750ml,490.0,5,CVBG
849,Cardinale,2013,750ml,175.0,5,CVBG
850,Latour Martillac rouge,2009,1500ml,60.0,5,CVBG
851,Montrose,2003,1500ml,375.0,5,CVBG
852,Vérité - La Joie,2013,1500ml,580.0,5,CVBG
853,Vérité - La Muse,2013,1500ml,580.0,5,CVBG
854,Vérité - Le Désir,2013,1500ml,580.0,5,CVBG
855,Solaia,2012,1500ml,270.0,5,CVBG
856,Forts de Latour ,2011,3000ml,620.0,5,CVBG
857,Gruaud Larose,2014,3000ml,190.0,5,CVBG
858,Solaia,2013,3000ml,670.0,5,CVBG
859,Figeac,2010,6000ml,1650.0,5,CVBG
860,Tour Figeac,2004,6000ml,320.0,5,CVBG
861,Coutet,2012,375ml,16.5,504,CVBG
862,Marjosse,2014,750ml,5.2,504,CVBG
863,Fugue de Nénin,2014,1500ml,32.3,51,CVBG
864,Latour Martillac rouge,2014,3000ml,109.0,51,CVBG
865,Dôme,2011,750ml,70.0,510,CVBG
866,Joanin Bécot,2014,750ml,12.5,516,CVBG
867,Domaine de Chevalier rouge,2013,750ml,29.0,516,CVBG
868,Bridane,2015,750ml,13.0,516,CVBG
869,Fonseca Vintage,1985,750ml,92.6,516,CVBG
870,Rahoul,2009,3000ml,73.0,52,CVBG
871,Sociando-Mallet,2012,375ml,10.25,528,CVBG
872,Chasse Spleen,2013,375ml,8.9,528,CVBG
873,Clerc Milon,2014,750ml,60.0,528,CVBG
874,Marquis de Mons,2014,750ml,9.9,54,CVBG
875,Chapelle de la Mission,2009,750ml,66.0,54,CVBG
876,Angélus,2012,750ml,350.0,54,CVBG
877,Fonroque,2013,750ml,14.4,54,CVBG
878,Mondotte ,2013,750ml,100.3,54,CVBG
879,Pavie,2010,750ml,310.0,54,CVBG
880,Petit Cheval,2011,750ml,132.0,54,CVBG
881,Pavillon du Glana,2014,750ml,9.5,54,CVBG
882,Vérité - La Joie,2006,750ml,255.0,54,CVBG
883,Le Serre Nuove dell' Ornellaia,2012,750ml,26.0,54,CVBG
884,Solaia,2008,750ml,140.0,54,CVBG
885,Issan ,2014,1500ml,68.0,54,CVBG
886,Malescot Saint Exupery,2014,1500ml,65.0,54,CVBG
887,Dominique (la),2012,1500ml,62.0,54,CVBG
888,Grand Mayne,2011,1500ml,48.0,54,CVBG
889,Issan ,2012,750ml,42.0,540,CVBG
890,Moulin Saint-Georges,2014,750ml,19.2,540,CVBG
891,Belgrave,2011,1500ml,38.3,546,CVBG
892,Marjosse,2015,750ml,5.7,552,CVBG
893,Clos du Marquis,2005,750ml,54.0,552,CVBG
894,Issan ,2011,750ml,38.0,558,CVBG
895,Fonroque,2015,750ml,18.5,558,CVBG
896,Sarget de Gruaud Larose,2013,750ml,18.0,564,CVBG
897,Carmes de Rieussec,2014,750ml,14.5,570,CVBG
898,Doisy Vedrines,2009,750ml,22.0,576,CVBG
899,Durfort Vivens,2014,750ml,32.0,576,CVBG
900,Le Boscq ,2012,1500ml,29.3,576,CVBG
901,Lynch Bages,2012,750ml,78.0,582,CVBG
902,"Bel-Air ""Jean & Gabriel""",2014,750ml,9.75,594,CVBG
903,La Garde Rouge,2013,1500ml,22.3,594,CVBG
904,Egon Muller - Riesling Spatlese,2014,750ml,108.0,6,CVBG
905,Vieille Cure ,2014,750ml,12.5,6,CVBG
906,Pensées de La Tour Carnet,2014,750ml,9.9,6,CVBG
907,Margaux,2002,750ml,395.0,6,CVBG
908,Margaux,1994,750ml,370.0,6,CVBG
909,Pavillon rouge,2012,750ml,159.0,6,CVBG
910,Lafite Rothschild,2006,750ml,700.0,6,CVBG
911,Lafite Rothschild,1988,750ml,750.0,6,CVBG
912,Carmes Haut Brion,2014,750ml,55.0,6,CVBG
913,Mission Haut Brion ,2007,750ml,155.0,6,CVBG
914,Eglise Clinet,2009,750ml,390.0,6,CVBG
915,Fayat,2011,750ml,17.5,6,CVBG
916,Hosanna,2008,750ml,128.0,6,CVBG
917,Trotanoy,2009,750ml,295.0,6,CVBG
918,Trotanoy,2003,750ml,135.0,6,CVBG
919,Vieux Château Certan,2009,750ml,265.0,6,CVBG
920,Ausone,2008,750ml,580.0,6,CVBG
921,Ausone,2005,750ml,1400.0,6,CVBG
922,Cheval Blanc,2009,750ml,750.0,6,CVBG
923,Cheval Blanc,2008,750ml,395.0,6,CVBG
924,Pavie,2008,750ml,260.0,6,CVBG
925,Valandraud ,2005,750ml,200.0,6,CVBG
926,Montrose,1998,750ml,105.0,6,CVBG
927,Connetable de Talbot,2011,750ml,19.5,6,CVBG
928,Gruaud Larose,2001,750ml,67.0,6,CVBG
929,Gruaud Larose,1998,750ml,65.0,6,CVBG
930,Lagrange,2010,750ml,40.0,6,CVBG
931,Léoville Barton,2011,750ml,55.0,6,CVBG
932,Léoville Poyferré,2011,750ml,51.6,6,CVBG
933,Léoville Poyferré,2005,750ml,95.0,6,CVBG
934,Yquem,2010,750ml,290.0,6,CVBG
935,Yquem,2009,750ml,380.0,6,CVBG
936,Yquem,2005,750ml,215.0,6,CVBG
937,Bonnes Mares - Vogüé,2013,750ml,375.0,6,CVBG
938,Bonnes Mares - Vogüé,2012,750ml,425.0,6,CVBG
939,Musigny - Vogüé,2013,750ml,510.0,6,CVBG
940,Clos Apalta,2009,750ml,65.0,6,CVBG
941,Sena,2014,750ml,73.0,6,CVBG
942,Ornellaia,2010,750ml,130.0,6,CVBG
943,Tenuta Greppo - Biondi-Santi Riserva ,2010,750ml,395.0,6,CVBG
944,Masseto,2012,750ml,490.0,6,CVBG
945,Hommage à Jacques Perrin,2007,750ml,480.0,6,CVBG
946,La Landonne - Guigal,2013,750ml,210.0,6,CVBG
947,La Landonne - Guigal,2012,750ml,250.0,6,CVBG
948,Margaux,2014,1500ml,700.0,6,CVBG
949,Chasse Spleen,2012,1500ml,42.0,6,CVBG
950,Latour,2005,1500ml,1450.0,6,CVBG
951,Mouton Rothschild,2012,1500ml,680.0,6,CVBG
952,Mouton Rothschild,2007,1500ml,820.0,6,CVBG
953,Pedesclaux,2012,1500ml,50.0,6,CVBG
954,Pontet Canet,2014,1500ml,138.0,6,CVBG
955,Domaine de Chevalier rouge,2012,1500ml,80.0,6,CVBG
956,Haut Bailly,2014,1500ml,120.0,6,CVBG
957,Haut Bailly,2012,1500ml,130.0,6,CVBG
958,Haut Bailly,2011,1500ml,110.0,6,CVBG
959,Haut Brion,2014,1500ml,650.0,6,CVBG
960,Conseillante ,2011,1500ml,145.0,6,CVBG
961,Pointe ,2008,1500ml,52.0,6,CVBG
962,Cheval Blanc,2014,1500ml,740.0,6,CVBG
963,Clos Fourtet,2005,1500ml,335.0,6,CVBG
964,Figeac,2012,1500ml,160.0,6,CVBG
965,Grand Mayne,2011,1500ml,48.0,6,CVBG
966,Montrose,2003,1500ml,375.0,6,CVBG
967,Beychevelle,2014,1500ml,140.0,6,CVBG
968,Gruaud Larose,2011,1500ml,79.0,6,CVBG
969,Solaia,2008,1500ml,295.0,6,CVBG
970,Hommage à Jacques Perrin,2014,1500ml,450.0,6,CVBG
971,Très Vieille Réserve de Lafite,SM,1750ml,850.0,6,CVBG
972,Belgrave,2001,3000ml,117.0,6,CVBG
973,Clerc Milon,2001,3000ml,340.0,6,CVBG
974,Pontet Canet,2012,3000ml,275.0,6,CVBG
975,La Garde Rouge,2007,3000ml,85.0,6,CVBG
976,Figeac,2005,3000ml,620.0,6,CVBG
977,Ducru Beaucaillou,2006,3000ml,550.0,6,CVBG
978,Clos Apalta,2012,3000ml,230.0,6,CVBG
979,Sena,2014,3000ml,300.0,6,CVBG
980,Belgrave,2001,5000ml,178.0,6,CVBG
981,Clerc Milon,2005,5000ml,565.0,6,CVBG
982,Léoville Poyferré,2005,5000ml,800.0,6,CVBG
983,Mission Haut Brion ,2006,6000ml,2640.0,6,CVBG
984,Petit Village,2012,6000ml,390.0,6,CVBG
985,Ausone,2007,6000ml,4400.0,6,CVBG
986,Clos Apalta,2012,6000ml,460.0,6,CVBG
987,Yquem,2014,9000ml,3000.0,6,CVBG
988,Chasse Spleen,2014,375ml,10.0,60,CVBG
989,Yquem,2010,375ml,150.0,60,CVBG
990,Margaux,2008,750ml,400.0,60,CVBG
991,Margaux,2007,750ml,398.0,60,CVBG
992,Lafite Rothschild,2014,750ml,465.0,60,CVBG
993,Mouton Rothschild,2008,750ml,440.0,60,CVBG
994,Mouton Rothschild,2007,750ml,420.0,60,CVBG
995,Mission Haut Brion ,1996,750ml,192.0,60,CVBG
996,Eglise Clinet,2014,750ml,140.0,60,CVBG
997,Eglise Clinet,1998,750ml,350.0,60,CVBG
998,Clos Fourtet,2014,750ml,70.0,60,CVBG
999,Lafon Rochet,1998,750ml,39.0,60,CVBG
1000,Léoville Las Cases,2008,750ml,140.0,60,CVBG
1001,Léoville Las Cases,1998,750ml,180.0,60,CVBG
1002,Léoville Poyferré,2014,750ml,50.0,60,CVBG
1003,Léoville Poyferré,2005,750ml,95.0,60,CVBG
1004,Guiraud,2001,750ml,37.0,60,CVBG
1005,Almaviva,2014,750ml,79.0,60,CVBG
1006,Belgrave,2010,1500ml,60.3,60,CVBG
1007,Clerc Milon,2011,1500ml,138.0,60,CVBG
1008,Clos des Jacobins,2011,1500ml,39.0,60,CVBG
1009,Pavie Macquin,2014,1500ml,86.0,60,CVBG
1010,Petit Caillou,2012,1500ml,30.0,60,CVBG
1011,Rauzan Ségla,2013,750ml,45.0,600,CVBG
1012,Haut Bailly,2013,750ml,41.0,600,CVBG
1013,Canon,2011,750ml,69.0,600,CVBG
1014,Clos des Jacobins,2011,750ml,18.9,600,CVBG
1015,Rol Valentin,2014,750ml,21.0,600,CVBG
1016,Marquis de Calon,2011,750ml,18.0,600,CVBG
1017,Coutet,2004,750ml,20.0,600,CVBG
1018,Bordeaux de Maucaillou blanc,2016,750ml,4.0,600,CVBG
1019,Lune d'Argent,2016,750ml,8.35,600,CVBG
1020,R de Rieussec,2016,750ml,12.0,600,CVBG
1021,S'tard by Soutard,2012,750ml,4.75,600,CVBG
1022,Reynon rouge,2015,750ml,7.1,600,CVBG
1023,Montlandrie,2015,750ml,15.0,600,CVBG
1024,Montlandrie,2014,750ml,12.5,600,CVBG
1025,Montlandrie,2013,750ml,11.2,600,CVBG
1026,Montlandrie,2011,750ml,12.9,600,CVBG
1027,Marsau,2013,750ml,8.5,600,CVBG
1028,Marsau,2012,750ml,9.0,600,CVBG
1029,Marsau,2011,750ml,9.0,600,CVBG
1030,Marsau,2009,750ml,12.0,600,CVBG
1031,Marsau,2006,750ml,9.0,600,CVBG
1032,Carlmagnus,2015,750ml,8.7,600,CVBG
1033,Fontenil,2015,750ml,13.2,600,CVBG
1034,Rahoul,2014,750ml,8.5,600,CVBG
1035,Allées de Cantemerle,2014,750ml,9.0,600,CVBG
1036,Allées de Cantemerle,2013,750ml,8.95,600,CVBG
1037,Beaumont,2014,750ml,8.5,600,CVBG
1038,Cambon la pelouse,2014,750ml,9.5,600,CVBG
1039,Cantemerle,2014,750ml,19.0,600,CVBG
1040,Clément Pichon,2012,750ml,10.5,600,CVBG
1041,Closerie de Camensac,2015,750ml,9.6,600,CVBG
1042,Closerie de Camensac,2014,750ml,8.0,600,CVBG
1043,Closerie de Camensac,2013,750ml,8.0,600,CVBG
1044,Closerie de Camensac,2012,750ml,8.0,600,CVBG
1045,Les Hauts de Lynch Moussas,2014,750ml,9.6,600,CVBG
1046,Pensées de La Tour Carnet,2015,750ml,11.4,600,CVBG
1047,Sociando-Mallet,2011,750ml,20.4,600,CVBG
1048,Tours de Beaumont,2014,750ml,5.0,600,CVBG
1049,Fourcas Dupré,2014,750ml,8.5,600,CVBG
1050,Fourcas Dupré,2012,750ml,7.9,600,CVBG
1051,Fourcas Dupré,2011,750ml,7.9,600,CVBG
1052,Bel-Air 'Jean & Gabriel',2015,750ml,9.9,600,CVBG
1053,Alter Ego,2013,750ml,40.0,600,CVBG
1054,Confidences de Prieuré-Lichine,2015,750ml,14.5,600,CVBG
1055,Du Tertre,2014,750ml,29.0,600,CVBG
1056,Du Tertre,2013,750ml,26.0,600,CVBG
1057,M de Marquis de Terme,2014,750ml,14.5,600,CVBG
1058,Malescot Saint Exupery,2013,750ml,27.6,600,CVBG
1059,Margaux de Brane ,2015,750ml,13.2,600,CVBG
1060,Marquis de Terme,2015,750ml,28.5,600,CVBG
1061,Palmer,2014,750ml,170.0,600,CVBG
1062,Rauzan Ségla,2011,750ml,65.0,600,CVBG
1063,Rauzan Ségla,2010,750ml,98.0,600,CVBG
1064,Chapelle de Potensac,2014,750ml,7.2,600,CVBG
1065,Goulée by Cos d'Estournel,2014,750ml,17.5,600,CVBG
1066,Chasse Spleen,2012,750ml,21.0,600,CVBG
1067,Maucaillou,2014,750ml,12.9,600,CVBG
1068,Fleur de Pedesclaux,2014,750ml,14.0,600,CVBG
1069,Fleur Peyrabon,2015,750ml,16.2,600,CVBG
1070,Grand Puy Lacoste,2012,750ml,38.0,600,CVBG
1071,Les Griffons de Pichon Baron,2014,750ml,25.0,600,CVBG
1072,Pontet Canet,2013,750ml,60.0,600,CVBG
1073,C des Carmes,2013,750ml,13.25,600,CVBG
1074,Clémentin rouge,2013,750ml,16.1,600,CVBG
1075,Clos Marsalette Rouge,2014,750ml,13.5,600,CVBG
1076,Fieuzal rouge,2014,750ml,22.0,600,CVBG
1077,Latour Martillac blanc,2015,750ml,21.6,600,CVBG
1078,Latour Martillac rouge,2014,750ml,21.0,600,CVBG
1079,Latour Martillac rouge,2013,750ml,17.2,600,CVBG
1080,Malartic Lagravière rouge,2014,750ml,32.0,600,CVBG
1081,Petit Haut Lafitte,2014,750ml,16.2,600,CVBG
1082,Petit Haut Lafitte,2013,750ml,14.0,600,CVBG
1083,Carillon de Rouget,2013,750ml,12.0,600,CVBG
1084,Clos Grangeneuve,2014,750ml,17.5,600,CVBG
1085,Clos Vieux Taillefer,2014,750ml,17.5,600,CVBG
1086,Conseillante ,2013,750ml,57.0,600,CVBG
1087,Evangile ,2011,750ml,108.0,600,CVBG
1088,Fayat,2014,750ml,18.0,600,CVBG
1089,Feytit Guillot,2013,750ml,12.7,600,CVBG
1090,Fugue de Nénin,2015,750ml,18.9,600,CVBG
1091,Petit Village,2012,750ml,41.0,600,CVBG
1092,Angélique de Monbousquet,2013,750ml,10.5,600,CVBG
1093,Arômes de Pavie,2014,750ml,48.5,600,CVBG
1094,Beau Séjour Bécot,2013,750ml,29.0,600,CVBG
1095,Canon,2010,750ml,100.0,600,CVBG
1096,Charmes de Grand Corbin,2013,750ml,7.8,600,CVBG
1097,Charmes de Grand Corbin,2012,750ml,9.0,600,CVBG
1098,Clos La Madeleine,2011,750ml,19.5,600,CVBG
1099,Dassault,2015,750ml,24.0,600,CVBG
1100,Dôme,2014,750ml,72.0,600,CVBG
1101,Figeac,2011,750ml,82.0,600,CVBG
1102,Grand Mayne,2013,750ml,20.0,600,CVBG
1103,Larcis Ducasse,2013,750ml,30.0,600,CVBG
1104,L'Enclos du Ch. de Saint Pey,2013,750ml,6.8,600,CVBG
1105,L'Enclos du Ch. de Saint Pey,2012,750ml,7.2,600,CVBG
1106,Les Valentines,2015,750ml,9.3,600,CVBG
1107,Lusseau,2014,750ml,10.9,600,CVBG
1108,Mondot,2011,750ml,16.8,600,CVBG
1109,Rol Valentin,2015,750ml,23.4,600,CVBG
1110,Saintem,2013,750ml,8.15,600,CVBG
1111,Tour du Pin,2007,750ml,24.0,600,CVBG
1112,Tour Figeac,2015,750ml,25.8,600,CVBG
1113,Troplong Mondot,2013,750ml,52.8,600,CVBG
1114,Capbern ,2013,750ml,10.7,600,CVBG
1115,Frank Phélan,2014,750ml,14.35,600,CVBG
1116,Frank Phélan,2013,750ml,13.1,600,CVBG
1117,Le Boscq ,2014,750ml,15.5,600,CVBG
1118,Ormes de Pez ,2015,750ml,19.8,600,CVBG
1119,Ormes de Pez ,2013,750ml,15.6,600,CVBG
1120,Pagodes de Cos,2014,750ml,29.0,600,CVBG
1121,Pèlerins de Lafon Rochet,2013,750ml,12.0,600,CVBG
1122,Tronquoy Lalande,2014,750ml,19.2,600,CVBG
1123,Clos du Marquis,2012,750ml,39.0,600,CVBG
1124,Du Glana,2013,750ml,12.4,600,CVBG
1125,Léoville Las Cases,2004,750ml,152.0,600,CVBG
1126,Petit Caillou,2014,750ml,14.5,600,CVBG
1127,de Carles,2006,750ml,15.0,600,CVBG
1128,Red Hills - Derenoncourt California,2009,750ml,32.0,600,CVBG
1129,Sena,2014,750ml,73.0,600,CVBG
1130,Le Serre Nuove dell' Ornellaia,2014,750ml,24.8,600,CVBG
1131,Le Volte dell' Ornellaia,2015,750ml,10.6,600,CVBG
1132,Le Volte dell' Ornellaia,2014,750ml,10.1,600,CVBG
1133,Tignanello,2014,750ml,70.0,600,CVBG
1134,Fonseca Vintage,2007,750ml,49.9,600,CVBG
1135,Enclos Pontys,2011,750ml,6.5,600,CVBG
1136,Enclos Pontys,2010,750ml,6.9,600,CVBG
1137,Enclos Pontys,2008,750ml,6.5,600,CVBG
1138,Rahoul,2012,1500ml,16.3,600,CVBG
1139,Rahoul,2011,1500ml,18.3,600,CVBG
1140,Rahoul,2009,1500ml,20.0,600,CVBG
1141,Belgrave,2013,1500ml,32.3,600,CVBG
1142,Belgrave,2009,1500ml,58.3,600,CVBG
1143,Cambon la pelouse,2014,1500ml,20.6,600,CVBG
1144,Fourcas Dupré,2014,1500ml,18.4,600,CVBG
1145,La Garde Rouge,2007,1500ml,27.0,600,CVBG
1146,Grand Barrail Lamarzelle Figeac,2013,1500ml,21.3,600,CVBG
1147,Carmes de Rieussec,2009,750ml,15.5,612,CVBG
1148,Chasse Spleen,2011,750ml,22.0,624,CVBG
1149,Grand Corbin,2012,750ml,13.5,624,CVBG
1150,Sarget de Gruaud Larose,2014,750ml,19.0,624,CVBG
1151,Coutet - Cuvée Madame,2003,750ml,200.0,63,CVBG
1152,Léoville Barton,2012,750ml,56.0,648,CVBG
1153,Lynch Bages,2011,750ml,78.0,66,CVBG
1154,Pape Clément blanc,2010,750ml,120.0,66,CVBG
1155,Vieux Château Certan,2013,750ml,95.0,66,CVBG
1156,Pavie,2011,750ml,210.0,66,CVBG
1157,Carmes de Rieussec,2011,750ml,16.0,66,CVBG
1158,Vérité - La Muse,2006,750ml,255.0,66,CVBG
1159,Vérité - Le Désir,2006,750ml,255.0,66,CVBG
1160,Petit Village,2012,1500ml,82.0,66,CVBG
1161,Fleur de Pedesclaux,2011,750ml,13.5,660,CVBG
1162,Les Griffons de Pichon Baron,2012,750ml,25.0,660,CVBG
1163,Grand Corbin Despagne,2014,750ml,16.0,672,CVBG
1164,Gruaud Larose,1998,750ml,65.0,684,CVBG
1165,Duhart-Milon,2000,750ml,90.0,7,CVBG
1166,Mission Haut Brion ,2000,750ml,560.0,7,CVBG
1167,Gaffelière ,2012,750ml,45.0,7,CVBG
1168,Sena,2010,750ml,75.0,7,CVBG
1169,Yquem,2014,12000ml,4000.0,7,CVBG
1170,Figeac,2010,5000ml,1350.0,7,CVBG
1171,Rahoul,2014,3000ml,67.0,70,CVBG
1172,Pointe ,2014,750ml,23.0,708,CVBG
1173,Giscours,2011,375ml,19.5,72,CVBG
1174,La Garde Rouge,2011,375ml,6.8,72,CVBG
1175,Ormes de Pez ,2013,375ml,8.55,72,CVBG
1176,Doisy-Daene (Bordeaux Blanc),2015,750ml,12.0,72,CVBG
1177,"Talbot, Caillou Blanc",2015,750ml,19.2,72,CVBG
1178,Palmer,2005,750ml,275.0,72,CVBG
1179,Haut Bailly,2009,750ml,195.0,72,CVBG
1180,Haut Brion,2013,750ml,315.0,72,CVBG
1181,II de Saint-Pierre,2015,750ml,14.8,72,CVBG
1182,Angélus,2011,750ml,235.0,72,CVBG
1183,Pavie Decesse,2006,750ml,108.0,72,CVBG
1184,Montrose,2011,750ml,72.0,72,CVBG
1185,Léoville Barton,2011,750ml,55.0,72,CVBG
1186,Carmes de Rieussec,2013,750ml,14.5,72,CVBG
1187,Guiraud,2014,750ml,30.0,72,CVBG
1188,Vinedo Chadwick,2009,750ml,180.0,72,CVBG
1189,Grand Barrail Lamarzelle Figeac,2006,1500ml,28.0,72,CVBG
1190,Clotte (la),2015,750ml,47.0,720,CVBG
1191,Grand Mayne,2011,750ml,23.5,720,CVBG
1192,La Garde Rouge,2013,750ml,11.0,732,CVBG
1193,Clinet,2013,750ml,42.0,732,CVBG
1194,Fonroque,2011,750ml,15.9,732,CVBG
1195,Grand Corbin Despagne,2013,750ml,14.9,732,CVBG
1196,Sigalas Rabaud,2010,375ml,15.0,744,CVBG
1197,Fontenil,2013,750ml,12.6,756,CVBG
1198,Clément Pichon,2012,375ml,5.7,768,CVBG
1199,Cheval Blanc,2011,750ml,390.0,78,CVBG
1200,Pavie,2012,750ml,250.0,78,CVBG
1201,Rol Valentin,2012,750ml,22.0,78,CVBG
1202,Montrose,2014,750ml,98.0,78,CVBG
1203,Fonseca Vintage,2003,750ml,54.5,78,CVBG
1204,Rieussec,2014,375ml,21.75,780,CVBG
1205,Parde de Haut-Bailly,2013,750ml,14.4,780,CVBG
1206,Beychevelle,1985,750ml,105.0,8,CVBG
1207,Saint-Pierre,1996,750ml,56.0,8,CVBG
1208,Belgrave,2008,1500ml,45.0,8,CVBG
1209,Palmer,2014,6000ml,1450.0,8,CVBG
1210,Poujeaux,2014,6000ml,170.0,8,CVBG
1211,Fourcas Dupré,2012,375ml,4.6,804,CVBG
1212,Branaire Ducru,2014,750ml,32.0,804,CVBG
1213,Léoville Las Cases,1983,1500ml,380.0,81,CVBG
1214,Prieuré-Lichine,2011,750ml,28.5,816,CVBG
1215,Petit Village,2012,375ml,20.5,828,CVBG
1216,Extravagant de Doisy Daene,2009,375ml,140.0,84,CVBG
1217,Lafaurie-Peyraguey,2009,375ml,17.5,84,CVBG
1218,Lanessan,2013,750ml,8.85,84,CVBG
1219,Peyrabon,2013,750ml,5.95,84,CVBG
1220,Pontet Canet,2012,750ml,66.0,84,CVBG
1221,Carmes Haut Brion,2008,750ml,48.0,84,CVBG
1222,Gazin Rocquencourt Blanc,2012,750ml,14.5,84,CVBG
1223,Lespault-Martillac Rouge,2015,750ml,16.0,84,CVBG
1224,Smith Haut Lafitte Rouge,1996,750ml,82.0,84,CVBG
1225,Evangile ,2013,750ml,100.0,84,CVBG
1226,Valandraud ,2014,750ml,85.0,84,CVBG
1227,Dame de Montrose ,2014,750ml,23.0,84,CVBG
1228,Figeac,2010,3000ml,760.0,84,CVBG
1229,Belgrave,2013,750ml,16.0,840,CVBG
1230,Fontenil,2011,750ml,13.5,852,CVBG
1231,Malescot Saint Exupery,2012,750ml,34.0,852,CVBG
1232,Domaine de Chevalier rouge,2014,750ml,39.0,852,CVBG
1233,Talbot,2011,750ml,42.0,852,CVBG
1234,Croizet Bages,2014,750ml,21.5,864,CVBG
1235,Cap Saint-George,2014,750ml,12.5,864,CVBG
1236,Le Boscq ,2012,375ml,7.6,888,CVBG
1237,Grand Mayne,2012,750ml,22.0,888,CVBG
1238,Pavillon blanc,2014,750ml,189.0,9,CVBG
1239,Lynch Bages,1996,750ml,165.0,9,CVBG
1240,Masseto,2013,750ml,470.0,9,CVBG
1241,Lafite Rothschild,2014,1500ml,850.0,9,CVBG
1242,Lafite Rothschild,2012,1500ml,890.0,9,CVBG
1243,Lynch Bages,2014,1500ml,155.0,9,CVBG
1244,Mouton Rothschild,2014,1500ml,700.0,9,CVBG
1245,Latour Martillac rouge,2014,15000ml,550.0,9,CVBG
1246,Du Glana,2014,6000ml,148.0,9,CVBG
1247,Pavillon rouge,2014,750ml,155.0,90,CVBG
1248,Pavillon rouge,2010,750ml,175.0,90,CVBG
1249,Couvent des Jacobins,2007,750ml,14.9,90,CVBG
1250,Yquem,2013,750ml,250.0,90,CVBG
1251,L'Aventure - Cote à Cote,2013,750ml,60.0,90,CVBG
1252,Mission Haut Brion ,2006,1500ml,660.0,90,CVBG
1253,Figeac,2010,1500ml,360.0,90,CVBG
1254,Lanessan,2012,750ml,8.95,900,CVBG
1255,Fleur Cardinale,2014,750ml,26.0,912,CVBG
1256,Rahoul,2011,3000ml,69.0,92,CVBG
1257,Le Boscq ,2014,375ml,8.1,936,CVBG
1258,Issan ,2014,750ml,36.0,948,CVBG
1259,Brillette,2010,750ml,11.9,948,CVBG
1260,Larcis Ducasse,2000,375ml,29.0,96,CVBG
1261,Calon Ségur,2003,375ml,48.0,96,CVBG
1262,Clos du Marquis,1995,375ml,30.0,96,CVBG
1263,Montlandrie,2012,750ml,12.5,96,CVBG
1264,Forts de Latour ,2011,750ml,158.0,96,CVBG
1265,Haut Bages Libéral,2013,750ml,20.0,96,CVBG
1266,Pontet Canet,2014,750ml,68.0,96,CVBG
1267,Gazin Rocquencourt Blanc,2010,750ml,17.4,96,CVBG
1268,Réserve de Malartic,2014,750ml,10.8,96,CVBG
1269,Eglise Clinet,2008,750ml,150.0,96,CVBG
1270,Canon,2009,750ml,108.0,96,CVBG
1271,Figeac,2009,750ml,170.0,96,CVBG
1272,Pavie Macquin,2011,750ml,42.0,96,CVBG
1273,Lafon Rochet,2000,750ml,55.0,96,CVBG
1274,Rieussec,2011,750ml,48.0,96,CVBG
1275,Sena,2010,750ml,75.0,96,CVBG
1276,Grand Mayne,2014,1500ml,45.0,96,CVBG
1277,Clos Apalta,2012,1500ml,115.0,96,CVBG
1278,Fonroque,2012,750ml,15.9,960,CVBG
1279,Grand Barrail Lamarzelle Figeac,2007,750ml,11.0,984,CVBG
1280,Latour Martillac rouge,2013,1500ml,36.2,99,CVBG
