,Growth,Type (English),Type (Chinese),Vendor (English),Vendor (Chinese),Wine (English),Wine (Chinese),Region (English),Region (Chinese),Country (English),Country (Chinese),Vintage,Ratings
0,Bordeaux Grand Cru Classe 1st Growths,Red,紅酒,Domaines Barons de Rothschild,拉菲酒莊,Chateau Lafite Rothschild,拉菲,Bordeaux,波爾多,France,法國,2005.0,RP96
1,Bordeaux Grand Cru Classe 1st Growths,Red,紅酒,Domaines Barons de Rothschild,拉菲酒莊,Carruades de Lafite,小拉菲,Bordeaux,波爾多,France,法國,2005.0,RP96
2,Bordeaux Grand Cru Classe 1st Growths,Red,紅酒,Chateau Latour,拉图酒莊,Chateau Latour,,Bordeaux,波爾多,France,法國,2005.0,RP96
3,Bordeaux Grand Cru Classe 1st Growths,Red,紅酒,Chateau Latour,拉图酒莊,Les Forts de Latour,,Bordeaux,波爾多,France,法國,2005.0,RP96
4,Bordeaux Grand Cru Classe 1st Growths,Red,紅酒,Chateau Latour,拉图酒莊,Pauillac de Latour,,Bordeaux,波爾多,France,法國,2005.0,RP96
5,Bordeaux Grand Cru Classe 1st Growths,Red,紅酒,Chateau Margaux,瑪歌酒莊,Chateau Margaux,,"Margaux, Bordeaux","瑪歌, 波爾多",France,法國,2005.0,RP96
6,Bordeaux Grand Cru Classe 1st Growths,Red,紅酒,Chateau Margaux,瑪歌酒莊,Pavillon Rouge du Chateau Margaux,,"Margaux, Bordeaux","瑪歌, 波爾多",France,法國,2005.0,RP96
7,Bordeaux Grand Cru Classe 1st Growths,White,白酒,Chateau Margaux,瑪歌酒莊,Pavillon Blanc du Chateau Margaux,,"Margaux, Bordeaux","瑪歌, 波爾多",France,法國,2005.0,RP96
8,Bordeaux Grand Cru Classe 1st Growths,Red,紅酒,Chateau Margaux,瑪歌酒莊,Margaux du Chateau Margaux,,"Margaux, Bordeaux","瑪歌, 波爾多",France,法國,2005.0,RP96
9,Bordeaux Grand Cru Classe 1st Growths,Red,紅酒,Chateau Haut Brion,侯伯王酒莊,Chateau Haut Brion,,Bordeaux,波爾多,France,法國,2005.0,RP96
10,Bordeaux Grand Cru Classe 1st Growths,Red,紅酒,Chateau Haut Brion,侯伯王酒莊,Le Clarence de Haut Brion,,Bordeaux,波爾多,France,法國,2005.0,RP96
11,Bordeaux Grand Cru Classe 1st Growths,White,白酒,Chateau Haut Brion,侯伯王酒莊,Chateau Haut Brion Blanc,,Bordeaux,波爾多,France,法國,2005.0,RP96
12,Bordeaux Grand Cru Classe 1st Growths,White,白酒,Chateau Haut Brion,侯伯王酒莊,La Clarte de Haut Brion,,Bordeaux,波爾多,France,法國,2005.0,RP96
13,Bordeaux Grand Cru Classe 1st Growths,Red,紅酒,Baron Philippe de Rothschild,木桐酒莊,Chateau Mouton Rothschild,,Bordeaux,波爾多,France,法國,2005.0,RP96
14,Bordeaux Grand Cru Classe 1st Growths,Red,紅酒,Baron Philippe de Rothschild,木桐酒莊,Le Petit Mouton de Mouton Rothschild,,Bordeaux,波爾多,France,法國,2005.0,RP96
15,Bordeaux Grand Cru Classe 1st Growths,White,白酒,Baron Philippe de Rothschild,木桐酒莊,Aile d’Argent de Mouton Rothschild,,Bordeaux,波爾多,France,法國,2005.0,RP96
16,Bordeaux Grand Cru Classe 2nd Growths,Red,紅酒,Chateau Rauzan Segla,,Chateau Rauzan Segla,,Bordeaux,波爾多,France,法國,2005.0,RP96
17,Bordeaux Grand Cru Classe 2nd Growths,Red,紅酒,Chateau Rauzan Segla,,Segla,,Bordeaux,波爾多,France,法國,2005.0,RP96
18,Bordeaux Grand Cru Classe 2nd Growths,Red,紅酒,Chateau Rauzan Gassies,,Chateau Rauzan Gassies,,"Margaux, Bordeaux","瑪歌, 波爾多",France,法國,2005.0,RP96
19,Bordeaux Grand Cru Classe 2nd Growths,Red,紅酒,Chateau Leoville Las Cases,,Chateau Leoville Las Cases,,Bordeaux,波爾多,France,法國,2005.0,RP96
20,Bordeaux Grand Cru Classe 2nd Growths,Red,紅酒,Chateau Leoville Las Cases,,Clos du Marquis,,Bordeaux,波爾多,France,法國,,
21,Bordeaux Grand Cru Classe 2nd Growths,Red,紅酒,Chateau Leoville Las Cases,,Petit Lion du Marquis de Las Cases,,Bordeaux,波爾多,France,法國,,
22,Bordeaux Grand Cru Classe 2nd Growths,Red,紅酒,Chateau Leoville Poyferre,,Chateau Leoville Poyferre,,Bordeaux,波爾多,France,法國,,
23,Bordeaux Grand Cru Classe 2nd Growths,Red,紅酒,Chateau Leoville Poyferre,,Pavillon de Leoville Poyferre,,Bordeaux,波爾多,France,法國,,
24,Bordeaux Grand Cru Classe 2nd Growths,Red,紅酒,Chateau Leoville Poyferre,,Chateau Moulin Riche,,Bordeaux,波爾多,France,法國,,
25,Bordeaux Grand Cru Classe 2nd Growths,Red,紅酒,Chateau Leoville Barton,,Chateau Leoville Barton,,"St. Julien, Bordeaux",波爾多,France,法國,,
26,Bordeaux Grand Cru Classe 2nd Growths,Red,紅酒,Chateau Durfort Vivens,,Chateau Durfort Vivens,,"Margaux, Bordeaux","瑪歌, 波爾多",France,法國,,
27,Bordeaux Grand Cru Classe 2nd Growths,Red,紅酒,Chateau Durfort Vivens,,Vivens,,"Margaux, Bordeaux","瑪歌, 波爾多",France,法國,,
28,Bordeaux Grand Cru Classe 2nd Growths,Red,紅酒,Chateau Durfort Vivens,,Relais de Durfort Vivens,,"Margaux, Bordeaux",波爾多,France,法國,,
29,Bordeaux Grand Cru Classe 2nd Growths,Red,紅酒,Chateau Gruaud Larose,,Chateau Gruaud Larose,,"St. Julien, Bordeaux",波爾多,France,法國,,
30,Bordeaux Grand Cru Classe 2nd Growths,Red,紅酒,Chateau Gruaud Larose,,Sarget,,"St. Julien, Bordeaux",波爾多,France,法國,,
31,Bordeaux Grand Cru Classe 2nd Growths,Red,紅酒,Chateau Lascombes,,Chateau Lascombes,,"Margaux, Bordeaux","瑪歌, 波爾多",France,法國,,
32,Bordeaux Grand Cru Classe 2nd Growths,Red,紅酒,Chateau Lascombes,,Chevalier de Lascombes,,"Margaux, Bordeaux","瑪歌, 波爾多",France,法國,,
33,Bordeaux Grand Cru Classe 2nd Growths,Red,紅酒,Chateau Lascombes,,Haut Medoc de Lascombes,,"Margaux, Bordeaux","瑪歌, 波爾多",France,法國,,
34,Bordeaux Grand Cru Classe 2nd Growths,Red,紅酒,Chateau Brane Cantenac,,Chateau Brane Cantenac,,"Margaux, Bordeaux","瑪歌, 波爾多",France,法國,,
35,Bordeaux Grand Cru Classe 2nd Growths,Red,紅酒,Chateau Brane Cantenac,,Baron de Brane,,"Margaux, Bordeaux",波爾多,France,法國,,
36,Bordeaux Grand Cru Classe 2nd Growths,Red,紅酒,Chateau Brane Cantenac,,Margaux de Brane,,"Margaux, Bordeaux",波爾多,France,法國,,
37,Bordeaux Grand Cru Classe 2nd Growths,Red,紅酒,Chateau Pichon Longueville Baron,,Chateau Pichon Longueville Baron,,"Pauillac, Bordeaux",波爾多,France,法國,,
38,Bordeaux Grand Cru Classe 2nd Growths,Red,紅酒,Chateau Pichon Longueville Baron,,Les Griffons de Pichon Baron,,"Pauillac, Bordeaux",波爾多,France,法國,,
39,Bordeaux Grand Cru Classe 2nd Growths,Red,紅酒,Chateau Pichon Longueville Baron,,Les Tourelles de Longueville,,"Pauillac, Bordeaux",波爾多,France,法國,,
40,Bordeaux Grand Cru Classe 2nd Growths,Red,紅酒,Chateau Pichon Comtesse de Lalande,,Chateau Pichon Comtesse de Lalande,,"Pauillac, Bordeaux",波爾多,France,法國,,
41,Bordeaux Grand Cru Classe 2nd Growths,Red,紅酒,Chateau Pichon Comtesse de Lalande,,Reserve de la Comtesse,,"Pauillac, Bordeaux",波爾多,France,法國,,
42,Bordeaux Grand Cru Classe 2nd Growths,Red,紅酒,Chateau Ducru Beaucaillou,,Chateau Ducru Beaucaillou,,"St. Julien, Bordeaux",波爾多,France,法國,,
43,Bordeaux Grand Cru Classe 2nd Growths,Red,紅酒,Chateau Ducru Beaucaillou,,Croix de Beaucaillou,,"St. Julien, Bordeaux",波爾多,France,法國,,
44,Bordeaux Grand Cru Classe 2nd Growths,Red,紅酒,Chateau Ducru Beaucaillou,,Chateau Lalande Borie,,"St. Julien, Bordeaux",波爾多,France,法國,,
45,Bordeaux Grand Cru Classe 2nd Growths,Red,紅酒,Chateau Cos d’Estournel,,Chateau Cos d’Estournel,,"St. Estephe, Bordeaux",波爾多,France,法國,,
46,Bordeaux Grand Cru Classe 2nd Growths,Red,紅酒,Chateau Cos d’Estournel,,Pagodes de Cos,,"St. Estephe, Bordeaux",波爾多,France,法國,,
47,Bordeaux Grand Cru Classe 2nd Growths,White,白酒,Chateau Cos d’Estournel,,Chateau Cos d'Estournel Blanc,,"St. Estephe, Bordeaux",波爾多,France,法國,,
48,Bordeaux Grand Cru Classe 2nd Growths,Red,紅酒,Chateau Cos d’Estournel,,Goulee by Cos d’Estournel,,"St. Estephe, Bordeaux",波爾多,France,法國,,
49,Bordeaux Grand Cru Classe 2nd Growths,Red,紅酒,Chateau Montrose,,Chateau Montrose,,"St. Estephe, Bordeaux",波爾多,France,法國,,
50,Bordeaux Grand Cru Classe 2nd Growths,Red,紅酒,Chateau Montrose,,La Dame de Montrose,,"St. Estephe, Bordeaux",波爾多,France,法國,,
51,Bordeaux Grand Cru Classe 2nd Growths,Red,紅酒,Chateau Montrose,,Le Saint Estephe de Montrose,,"St. Estephe, Bordeaux",波爾多,France,法國,,
52,Bordeaux Grand Cru Classe 3rd Growths,Red,紅酒,Chateau Kirwan,,Chateau Kirwan,,,波爾多,France,法國,,
53,Bordeaux Grand Cru Classe 3rd Growths,Red,紅酒,Chateau Kirwan,,Charmes de Kirwan,,,波爾多,France,法國,,
54,Bordeaux Grand Cru Classe 3rd Growths,Red,紅酒,Chateau d’Issan,,Chateau d’Issan,,"Margaux, Bordeaux",波爾多,France,法國,,
55,Bordeaux Grand Cru Classe 3rd Growths,Red,紅酒,Chateau d’Issan,,Blason d'Issan,,"Margaux, Bordeaux",波爾多,France,法國,,
56,Bordeaux Grand Cru Classe 3rd Growths,Red,紅酒,Chateau d’Issan,,Le Haut Medoc d'Issan,,Bordeaux,波爾多,France,法國,,
57,Bordeaux Grand Cru Classe 3rd Growths,Red,紅酒,Chateau d’Issan,,Moulin d'Issan,,Bordeaux,波爾多,France,法國,,
58,Bordeaux Grand Cru Classe 3rd Growths,Red,紅酒,Chateau Lagrange,,Chateau Lagrange,,"St. Julien, Bordeaux",波爾多,France,法國,,
59,Bordeaux Grand Cru Classe 3rd Growths,Red,紅酒,Chateau Lagrange,,Les Fiefs de Lagrange,,"St. Julien, Bordeaux",波爾多,France,法國,,
60,Bordeaux Grand Cru Classe 3rd Growths,Red,紅酒,Chateau Lagrange,,Le Haut Medoc de Lagrange,,"St. Julien, Bordeaux",波爾多,France,法國,,
61,Bordeaux Grand Cru Classe 3rd Growths,White,白酒,Chateau Lagrange,,Les Arums de Lagrange,,"St. Julien, Bordeaux",波爾多,France,法國,,
62,Bordeaux Grand Cru Classe 3rd Growths,Red,紅酒,Chateau Langoa Barton,,Chateau Langoa Barton,,"St. Julien, Bordeaux",波爾多,France,法國,,
63,Bordeaux Grand Cru Classe 3rd Growths,Red,紅酒,Chateau Giscours,,Chateau Giscours,,"Margaux, Bordeaux",波爾多,France,法國,,
64,Bordeaux Grand Cru Classe 3rd Growths,Red,紅酒,Chateau Giscours,,Le Sirene de Giscours,,"Margaux, Bordeaux",波爾多,France,法國,,
65,Bordeaux Grand Cru Classe 3rd Growths,Red,紅酒,Chateau Giscours,,Chateau Duthil,,"Haut Medoc, Bordeaux",波爾多,France,法國,,
66,Bordeaux Grand Cru Classe 3rd Growths,Red,紅酒,Chateau Giscours,,Le Haut Medoc de Giscours,,"Haut Medoc, Bordeaux",波爾多,France,法國,,
67,Bordeaux Grand Cru Classe 3rd Growths,Rose,玫瑰酒,Chateau Giscours,,Le Rose de Giscours,,Bordeaux,波爾多,France,法國,,
68,Bordeaux Grand Cru Classe 3rd Growths,Red,紅酒,Chateau Malescot St. Exupery,,Chateau Malescot St. Exupery,,"Margaux, Bordeaux",波爾多,France,法國,,
69,Bordeaux Grand Cru Classe 3rd Growths,Red,紅酒,Chateau Boyd Cantenac,,Chateau Boyd Cantenac,,"Margaux, Bordeaux",波爾多,France,法國,,
70,Bordeaux Grand Cru Classe 3rd Growths,Red,紅酒,Chateau Boyd Cantenac,,Jacques Boyd,,"Margaux, Bordeaux",波爾多,France,法國,,
71,Bordeaux Grand Cru Classe 3rd Growths,Red,紅酒,Chateau Boyd Cantenac,,Josephine de Boyd,,"Margaux, Bordeaux",波爾多,France,法國,,
72,Bordeaux Grand Cru Classe 3rd Growths,Red,紅酒,Chateau Boyd Cantenac,,Clos Maucaillou,,Bordeaux,波爾多,France,法國,,
73,Bordeaux Grand Cru Classe 3rd Growths,Red,紅酒,Chateau Cantenac Brown,,Chateau Cantenac Brown,,"Medoc, Bordeaux",波爾多,France,法國,,
74,Bordeaux Grand Cru Classe 3rd Growths,Red,紅酒,Chateau Cantenac Brown,,Brio de Cantenac Brown,,"Medoc, Bordeaux",波爾多,France,法國,,
75,Bordeaux Grand Cru Classe 3rd Growths,White,白酒,Chateau Cantenac Brown,,Alto de Cantenac Brown,,"Medoc, Bordeaux",波爾多,France,法國,,
76,Bordeaux Grand Cru Classe 3rd Growths,Red,紅酒,Chateau Cantenac Brown,,Chateau Brown Lamartine,,"Medoc, Bordeaux",波爾多,France,法國,,
77,Bordeaux Grand Cru Classe 3rd Growths,Red,紅酒,Chateau Palmer,,Chateau Palmer,,"Margaux, Bordeaux",波爾多,France,法國,,
78,Bordeaux Grand Cru Classe 3rd Growths,Red,紅酒,Chateau Palmer,,Alter Ego,,"Margaux, Bordeaux",波爾多,France,法國,,
79,Bordeaux Grand Cru Classe 3rd Growths,Red,紅酒,Chateau La Lagune,,Chateau La Lagune,,,波爾多,France,法國,,
80,Bordeaux Grand Cru Classe 3rd Growths,Red,紅酒,Chateau Desmirail,,Chateau Desmirail,,"Margaux, Bordeaux",波爾多,France,法國,,
81,Bordeaux Grand Cru Classe 3rd Growths,Red,紅酒,Chateau Desmirail,,Initial de Desmirail,,"Margaux, Bordeaux",波爾多,France,法國,,
82,Bordeaux Grand Cru Classe 3rd Growths,Red,紅酒,Chateau Desmirail,,Chateau Fontarney,,"Margaux, Bordeaux",波爾多,France,法國,,
83,Bordeaux Grand Cru Classe 3rd Growths,Red,紅酒,Chateau Desmirail,,Origine de Desmirail,,"Margaux, Bordeaux",波爾多,France,法國,,
84,Bordeaux Grand Cru Classe 3rd Growths,Red,紅酒,Chateau Desmirail,,Haut Medoc de Desmirail,,"Margaux, Bordeaux",波爾多,France,法國,,
85,Bordeaux Grand Cru Classe 3rd Growths,Rose,玫瑰酒,Chateau Desmirail,,Le Rose de Desmirail,,"Margaux, Bordeaux",波爾多,France,法國,,
86,Bordeaux Grand Cru Classe 3rd Growths,Red,紅酒,Chateau Calon Segur,,Chateau Calon Segur,,"St. Estephe, Bordeaux",波爾多,France,法國,,
87,Bordeaux Grand Cru Classe 3rd Growths,Red,紅酒,Chateau Calon Segur,,Le Marquis de Calon Segur,,"St. Estephe, Bordeaux",波爾多,France,法國,,
88,Bordeaux Grand Cru Classe 3rd Growths,Red,紅酒,Chateau Calon Segur,,Chateau Calpbern,,"St. Estephe, Bordeaux",波爾多,France,法國,,
89,Bordeaux Grand Cru Classe 3rd Growths,Red,紅酒,Chateau Ferriere,,Chateau Ferriere,,"Margaux, Bordeaux",波爾多,France,法國,,
90,Bordeaux Grand Cru Classe 3rd Growths,Red,紅酒,Chateau Ferriere,,Les Remparts de Ferriere,,"Margaux, Bordeaux",波爾多,France,法國,,
91,Bordeaux Grand Cru Classe 3rd Growths,Red,紅酒,Chateau Marquis d'Alesme,,Chateau Marquis d'Alesme,,"Margaux, Bordeaux",波爾多,France,法國,,
92,Bordeaux Grand Cru Classe 4th Growths,Red,紅酒,Domaines Henri Martin,,Chateau Saint-Pierre,,"St. Julien, Bordeaux",波爾多,France,法國,,
93,,Red,紅酒,Domaines Henri Martin,,Chateau Gloria,,"St. Julien, Bordeaux",波爾多,France,法國,,
94,,Red,紅酒,Domaines Henri Martin,,Chateau Bel Air,,"Haut Medoc, Bordeaux",波爾多,France,法國,,
95,,Red,紅酒,Domaines Henri Martin,,Chateau Haut Beychevelle Gloria,,"St. Julien, Bordeaux",波爾多,France,法國,,
96,,Red,紅酒,Domaines Henri Martin,,Chateau Pey Martin,,"St. Julien, Bordeaux",波爾多,France,法國,,
97,Bordeaux Grand Cru Classe 4th Growths,Red,紅酒,Chateau Talbot,,Chateau Talbot,,"St. Julien, Bordeaux",波爾多,France,法國,,
98,Bordeaux Grand Cru Classe 4th Growths,Red,紅酒,Chateau Talbot,,Connetable Talbot,,"St. Julien, Bordeaux",波爾多,France,法國,,
99,Bordeaux Grand Cru Classe 4th Growths,White,白酒,Chateau Talbot,,Caillou Blanc,,"St. Julien, Bordeaux",波爾多,France,法國,,
100,Bordeaux Grand Cru Classe 4th Growths,Red,紅酒,Chateau Talbot,,Seigneur de Talbot,,"St. Julien, Bordeaux",波爾多,France,法國,,
101,Bordeaux Grand Cru Classe 4th Growths,Red,紅酒,Domaines Barons de Rothschild,,Chateau Duhart-Milon,,"Pauillac, Bordeaux",波爾多,France,法國,,
102,Bordeaux Grand Cru Classe 4th Growths,Red,紅酒,Domaines Barons de Rothschild,,Moulin de Duhart,,"Pauillac, Bordeaux",波爾多,France,法國,,
103,Bordeaux Grand Cru Classe 4th Growths,Red,紅酒,Chateau Branaire Ducru,,Chateau Branaire Ducru,,"St. Julien, Bordeaux",波爾多,France,法國,,
104,Bordeaux Grand Cru Classe 4th Growths,Red,紅酒,Chateau Branaire Ducru,,Duluc de Branaire Ducru,,"St. Julien, Bordeaux",波爾多,France,法國,,
105,Bordeaux Grand Cru Classe 4th Growths,Red,紅酒,Chateau Pouget,,Chateau Pouget,,"Margaux, Bordeaux",波爾多,France,法國,,
106,Bordeaux Grand Cru Classe 4th Growths,Red,紅酒,Chateau Pouget,,Antoine Pouget,,"Margaux, Bordeaux",波爾多,France,法國,,
107,Bordeaux Grand Cru Classe 4th Growths,Red,紅酒,Bernard Magrez,,Chateau La Tour Carnet,,"Haut Medoc, Bordeaux",波爾多,France,法國,,
108,Bordeaux Grand Cru Classe 4th Growths,Red,紅酒,Bernard Magrez,,Les Pensees de la Tour Carnet,,"Haut Medoc, Bordeaux",波爾多,France,法國,,
109,Bordeaux Grand Cru Classe 4th Growths,White,白酒,Bernard Magrez,,Chateau La Tour Carnet Blanc,,"Haut Medoc, Bordeaux",波爾多,France,法國,,
110,,Red,紅酒,Bernard Magrez,,Cuvee Les Douves,,Bordeaux,波爾多,France,法國,,
111,Bordeaux Grand Cru Classe 4th Growths,Red,紅酒,Chateau Lafon Rochet,,Chateau Lafon Rochet,,"St. Estephe, Bordeaux",波爾多,France,法國,,
112,Bordeaux Grand Cru Classe 4th Growths,Red,紅酒,Chateau Lafon Rochet,,Les Pelerins de Lafon Rochet,,"St. Estephe, Bordeaux",波爾多,France,法國,,
113,Bordeaux Grand Cru Classe 4th Growths,Red,紅酒,Chateau Beychevelle,,Chateau Beychevelle,,"St. Julien, Bordeaux",波爾多,France,法國,,
114,Bordeaux Grand Cru Classe 4th Growths,Red,紅酒,Chateau Beychevelle,,Amiral de Beychevelle,,"St. Julien, Bordeaux",波爾多,France,法國,,
115,Bordeaux Grand Cru Classe 4th Growths,Red,紅酒,Chateau Beychevelle,,Les Brulieres de Beychevelle,,"Haut Medoc, Bordeaux",波爾多,France,法國,,
116,Bordeaux Grand Cru Classe 4th Growths,Red,紅酒,Chateau Prieure-Lichine,,Chateau Prieure-Lichine,,"Margaux, Bordeaux",波爾多,France,法國,,
117,Bordeaux Grand Cru Classe 4th Growths,Red,紅酒,Chateau Prieure-Lichine,,Confidences de Prieure Lichine,,"Margaux, Bordeaux",波爾多,France,法國,,
118,Bordeaux Grand Cru Classe 4th Growths,White,白酒,Chateau Prieure-Lichine,,Le Blanc de Prieure Lichine,,Bordeaux,波爾多,France,法國,,
119,Bordeaux Grand Cru Classe 4th Growths,Red,紅酒,Chateau Prieure-Lichine,,Le Clocher du Prieure,,"Haut Medoc, Bordeaux",波爾多,France,法國,,
120,Bordeaux Grand Cru Classe 4th Growths,Red,紅酒,Chateau Marquis de Terme,,Chateau Marquis de Terme,,"Margaux, Bordeaux",波爾多,France,法國,,
121,Bordeaux Grand Cru Classe 4th Growths,Red,紅酒,Chateau Marquis de Terme,,La Couronne de Marquis de Terme,,"Margaux, Bordeaux",波爾多,France,法國,,
122,Bordeaux Grand Cru Classe 4th Growths,Red,紅酒,Chateau Marquis de Terme,,9 de Marquis de Terme,,"Margaux, Bordeaux",波爾多,France,法國,,
123,Bordeaux Grand Cru Classe 4th Growths,Red,紅酒,Chateau Marquis de Terme,,Fleur de Marquis de Terme,,"Margaux, Bordeaux",波爾多,France,法國,,
124,Bordeaux Grand Cru Classe 4th Growths,Red,紅酒,Chateau Marquis de Terme,,M de Marquis de Terme,,"Margaux, Bordeaux",波爾多,France,法國,,
125,Bordeaux Grand Cru Classe 5th Growths,Red,紅酒,Chateau Pontet Canet,,Chateau Pontet Canet,,"Pauillac, Bordeaux",波爾多,France,法國,,
126,Bordeaux Grand Cru Classe 5th Growths,Red,紅酒,Chateau Pontet Canet,,Hauts de Pontet Canet,,"Pauillac, Bordeaux",波爾多,France,法國,,
127,Bordeaux Grand Cru Classe 5th Growths,Red,紅酒,Chateau Batailley,,Chateau Batailley,,"Pauillac, Bordeaux",波爾多,France,法國,,
128,Bordeaux Grand Cru Classe 5th Growths,Red,紅酒,Chateau Haut Batailley,,Chateau Haut Batailley,,,波爾多,France,法國,,
129,Bordeaux Grand Cru Classe 5th Growths,Red,紅酒,Chateau Grand Puy Lacoste,,Chateau Grand Puy Lacoste,,"Pauillac, Bordeaux",波爾多,France,法國,,
130,Bordeaux Grand Cru Classe 5th Growths,Red,紅酒,Chateau Grand Puy Lacoste,,Lacoste Borie,,"Pauillac, Bordeaux",波爾多,France,法國,,
131,Bordeaux Grand Cru Classe 5th Growths,Red,紅酒,Chateau Grand Puy Ducasse,,Chateau Grand Puy Ducasse,,"Pauillac, Bordeaux",波爾多,France,法國,,
132,Bordeaux Grand Cru Classe 5th Growths,Red,紅酒,Chateau Grand Puy Ducasse,,Prelude a Grand Puy Ducasse,,"Pauillac, Bordeaux",波爾多,France,法國,,
133,Bordeaux Grand Cru Classe 5th Growths,Red,紅酒,Chateau Lynch Bages,,Chateau Lynch Bages,,"Pauillac, Bordeaux",波爾多,France,法國,,
134,Bordeaux Grand Cru Classe 5th Growths,White,白酒,Chateau Lynch Bages,,Chateau Lynch Bages Blanc,,"Pauillac, Bordeaux",波爾多,France,法國,,
135,Bordeaux Grand Cru Classe 5th Growths,Red,紅酒,Chateau Lynch Bages,,Echo de Lynch Bages,,"Pauillac, Bordeaux",波爾多,France,法國,,
136,Bordeaux Grand Cru Classe 5th Growths,Red,紅酒,Chateau Lynch-Moussas,,Chateau Lynch-Moussas,,"Pauillac, Bordeaux",波爾多,France,法國,,
137,Bordeaux Grand Cru Classe 5th Growths,Red,紅酒,Chateau Dauzac,,Chateau Dauzac,,"Margaux, Bordeaux",波爾多,France,法國,,
138,Bordeaux Grand Cru Classe 5th Growths,Red,紅酒,Chateau Dauzac,,Aurore de Dauzac,,"Margaux, Bordeaux",波爾多,France,法國,,
139,Bordeaux Grand Cru Classe 5th Growths,Red,紅酒,Chateau Dauzac,,Labastide Dauzac,,"Margaux, Bordeaux",波爾多,France,法國,,
140,Bordeaux Grand Cru Classe 5th Growths,Red,紅酒,Chateau Dauzac,,Chateau Labarde,,"Margaux, Bordeaux",波爾多,France,法國,,
141,Bordeaux Grand Cru Classe 5th Growths,Red,紅酒,Baron Philippe de Rothschild,,Chateau d’Armailhac,,,波爾多,France,法國,,
142,Bordeaux Grand Cru Classe 5th Growths,Red,紅酒,Chateau Du Tertre,,Chateau Du Tertre,,"Margaux, Bordeaux",波爾多,France,法國,,
143,Bordeaux Grand Cru Classe 5th Growths,Red,紅酒,Chateau Du Tertre,,Les Hauts du Tertre,,"Margaux, Bordeaux",波爾多,France,法國,,
144,Bordeaux Grand Cru Classe 5th Growths,Red,紅酒,Chateau Haut Bages Liberal,,Chateau Haut Bages Liberal,,"Pauillac, Bordeaux",波爾多,France,法國,,
145,Bordeaux Grand Cru Classe 5th Growths,Red,紅酒,Chateau Haut Bages Liberal,,La Chapelle de Bages,,"Pauillac, Bordeaux",波爾多,France,法國,,
146,Bordeaux Grand Cru Classe 5th Growths,Red,紅酒,Chateau Haut Bages Liberal,,La Fleur de Haut Bages Liberal,,"Pauillac, Bordeaux",波爾多,France,法國,,
147,Bordeaux Grand Cru Classe 5th Growths,Red,紅酒,Chateau Haut Bages Liberal,,Le Pauillac de Haut Bages Liberal,,"Pauillac, Bordeaux",波爾多,France,法國,,
148,Bordeaux Grand Cru Classe 5th Growths,Red,紅酒,Chateau Pedesclaux,,Chateau Pedesclaux,,"Pauillac, Bordeaux",波爾多,France,法國,,
149,Bordeaux Grand Cru Classe 5th Growths,Red,紅酒,Chateau Pedesclaux,,Fleur de Pedesclaux,,"Pauillac, Bordeaux",波爾多,France,法國,,
150,Bordeaux Grand Cru Classe 5th Growths,Red,紅酒,Chateau Belgrave,,Chateau Belgrave,,"Haut Medoc, Bordeaux",波爾多,France,法國,,
151,Bordeaux Grand Cru Classe 5th Growths,Red,紅酒,Chateau Belgrave,,Diane de Belgrave,,"Haut Medoc, Bordeaux",波爾多,France,法國,,
152,Bordeaux Grand Cru Classe 5th Growths,Red,紅酒,Chateau Camensac,,Chateau Camensac,,"Haut Medoc, Bordeaux",波爾多,France,法國,,
153,Bordeaux Grand Cru Classe 5th Growths,Red,紅酒,Chateau Camensac,,La Closerie de Camensac,,"Haut Medoc, Bordeaux",波爾多,France,法國,,
154,Bordeaux Grand Cru Classe 5th Growths,Red,紅酒,Chateau Camensac,,Le Baily de Camensac,,"Haut Medoc, Bordeaux",波爾多,France,法國,,
155,Bordeaux Grand Cru Classe 5th Growths,Red,紅酒,Chateau Camensac,,Second de Camensac,,"Haut Medoc, Bordeaux",波爾多,France,法國,,
156,Bordeaux Grand Cru Classe 5th Growths,Red,紅酒,Chateau Cos Labory,,Chateau Cos Labory,,"St. Estephe, Bordeaux",波爾多,France,法國,,
157,Bordeaux Grand Cru Classe 5th Growths,Red,紅酒,Chateau Cos Labory,,Charme de Cos Labory,,"St. Estephe, Bordeaux",波爾多,France,法國,,
158,Bordeaux Grand Cru Classe 5th Growths,Red,紅酒,Baron Philippe de Rothschild,,Chateau Clerc Milon,,"Pauillac, Bordeaux",波爾多,France,法國,,
159,Bordeaux Grand Cru Classe 5th Growths,Red,紅酒,Baron Philippe de Rothschild,,Pastourelle de Clerc Milon,,"Pauillac, Bordeaux",波爾多,France,法國,,
160,Bordeaux Grand Cru Classe 5th Growths,Red,紅酒,Chateau Croizet-Bages,,Chateau Croizet-Bages,,"Pauillac, Bordeaux",波爾多,France,法國,,
161,Bordeaux Grand Cru Classe 5th Growths,Red,紅酒,Chateau Cantemerle,,Chateau Cantemerle,,"Haut Medoc, Bordeaux",波爾多,France,法國,,
162,Bordeaux Grand Cru Classe 5th Growths,Red,紅酒,Chateau Cantemerle,,Les Allees de Cantemerle,,"Haut Medoc, Bordeaux",波爾多,France,法國,,
163,Graves,White,白酒,Chateau Bouscaut,,Chateau Bouscaut Blanc,,"Graves, Bordeaux",波爾多,France,法國,,
164,Graves,White,白酒,Chateau Bouscaut,,Les Chenes de Bouscaut Blanc,,"Pessac Leognan, Bordeaux",波爾多,France,法國,,
165,Graves,Red,紅酒,Chateau Bouscaut,,Chateau Bouscaut,,"Graves, Bordeaux",波爾多,France,法國,,
166,Graves,Red,紅酒,Chateau Bouscaut,,Les Chenes de Bouscaut,,"Pessac Leognan, Bordeaux",波爾多,France,法國,,
167,Graves,Red,紅酒,Chateau Haut Bailly,,Chateau Haut Bailly,,"Graves, Bordeaux",波爾多,France,法國,,
168,Graves,Red,紅酒,Chateau Haut Bailly,,Chateau le Pape,,"Graves, Bordeaux",波爾多,France,法國,,
169,Graves,Red,紅酒,Chateau Haut Bailly,,Pessac Leognan de Haut Bailly,,"Pessac Leognan, Bordeaux",波爾多,France,法國,,
170,Graves,Red,紅酒,Chateau Haut Bailly,,La Parde Haut Bailly,,"Graves, Bordeaux",波爾多,France,法國,,
171,Graves,Rose,玫瑰酒,Chateau Haut Bailly,,Rose de Haut Bailly,,"Graves, Bordeaux",波爾多,France,法國,,
172,Graves,Red,紅酒,Chateau Carbonnieux,,Chateau Carbonnieux Rouge,,"Pessac Leognan, Bordeaux",波爾多,France,法國,,
173,Graves,White,白酒,Chateau Carbonnieux,,Chateau Carbonnieux Blanc,,"Pessac Leognan, Bordeaux",波爾多,France,法國,,
174,Graves,Red,紅酒,Chateau Carbonnieux,,La Croix de Carbonnieux Rouge,,"Pessac Leognan, Bordeaux",波爾多,France,法國,,
175,Graves,White,白酒,Chateau Carbonnieux,,La Croix de Carbonnieux Blanc,,"Pessac Leognan, Bordeaux",波爾多,France,法國,,
176,Graves,Red,紅酒,Chateau Carbonnieux,,Chateau Tour Leognan Rouge,,"Pessac Leognan, Bordeaux",波爾多,France,法國,,
177,Graves,White,白酒,Chateau Carbonnieux,,Chateau Tour Leognan Blanc,,"Pessac Leognan, Bordeaux",波爾多,France,法國,,
178,Graves,White,白酒,Domaine de Chevalier,,Domaine de Chevalier Blanc,,"Graves, Bordeaux",波爾多,France,法國,,
179,Graves,Red,紅酒,Domaine de Chevalier,,Domaine de Chevalier Rouge,,"Graves, Bordeaux",波爾多,France,法國,,
180,Graves,Red,紅酒,Domaine de Chevalier,,Esprit de Chevalier,,"Graves, Bordeaux",波爾多,France,法國,,
181,Graves,Red,紅酒,Chateau de Fieuzal,,Chateau de Fieuzal Rouge,,"Pessac Leognan, Bordeaux",波爾多,France,法國,,
182,Graves,White,白酒,Chateau de Fieuzal,,Chateau de Fieuzal Blanc,,"Pessac Leognan, Bordeaux",波爾多,France,法國,,
183,Graves,Red,紅酒,Chateau de Fieuzal,,L'Abeille de Fieuzal Rouge,,"Pessac Leognan, Bordeaux",波爾多,France,法國,,
184,Graves,White,白酒,Chateau de Fieuzal,,L'Abeille de Fieuzal Blanc,,"Pessac Leognan, Bordeaux",波爾多,France,法國,,
185,Graves,Red,紅酒,Chateau Olivier,,Chateau Olivier Rouge,,"Pessac Leognan, Bordeaux",波爾多,France,法國,,
186,Graves,White,白酒,Chateau Olivier,,Chateau Olivier Blanc,,"Pessac Leognan, Bordeaux",波爾多,France,法國,,
187,Graves,Red,紅酒,Chateau Olivier,,Le Dauphin d'Olivier Rouge,,"Pessac Leognan, Bordeaux",波爾多,France,法國,,
188,Graves,White,白酒,Chateau Olivier,,Le Dauphin d'Olivier Blanc,,"Pessac Leognan, Bordeaux",波爾多,France,法國,,
189,Graves,Red,紅酒,Chateau Olivier,,La Seigneurerie d'Olivier,,"Pessac Leognan, Bordeaux",波爾多,France,法國,,
190,Graves,Red,紅酒,Chateau Malartic Largraviere,,Chateau Malartic Largraviere Rouge,,"Pessac Leognan, Bordeaux",波爾多,France,法國,,
191,Graves,White,白酒,Chateau Malartic Largraviere,,Chateau Malartic Largraviere Blanc,,"Pessac Leognan, Bordeaux",波爾多,France,法國,,
192,Graves,Red,紅酒,Chateau Malartic Largraviere,,La Reserve Rouge,,"Pessac Leognan, Bordeaux",波爾多,France,法國,,
193,Graves,White,白酒,Chateau Malartic Largraviere,,La Reserve Blanc,,"Graves, Bordeaux",波爾多,France,法國,,
194,Graves,Red,紅酒,Chateau La Tour Martillac,,Chateau La Tour Martillac Rouge,,"Graves, Bordeaux",波爾多,France,法國,,
195,Graves,White,白酒,Chateau La Tour Martillac,,Chateau La Tour Martillac Blanc,,"Graves, Bordeaux",波爾多,France,法國,,
196,Graves,Red,紅酒,Chateau Smith Haut Lafitte,,Chateau Smith Haut Lafitte Rouge,,"Pessac Leognan, Bordeaux",波爾多,France,法國,,
197,Graves,White,白酒,Chateau Smith Haut Lafitte,,Chateau Smith Haut Lafitte Blanc,,"Pessac Leognan, Bordeaux",波爾多,France,法國,,
198,Graves,Red,紅酒,Chateau Smith Haut Lafitte,,Hauts de Smith Rouge,,"Pessac Leognan, Bordeaux",波爾多,France,法國,,
199,Graves,White,白酒,Chateau Smith Haut Lafitte,,Hauts de Smith Blanc,,"Pessac Leognan, Bordeaux",波爾多,France,法國,,
200,Graves,Red,紅酒,Chateau Smith Haut Lafitte,,Le Petit Haut Lafitte Rouge,,"Pessac Leognan, Bordeaux",波爾多,France,法國,,
201,Graves,White,白酒,Chateau Smith Haut Lafitte,,Le Petit Haut Lafitte Blanc,,"Pessac Leognan, Bordeaux",波爾多,France,法國,,
202,Graves,Red,紅酒,Domaine Clarence Dillon,,Chateau La Mission Haut Brion Rouge,,"Graves, Bordeaux",波爾多,France,法國,,
203,Graves,White,白酒,Domaine Clarence Dillon,,Chateau La Mission Haut Brion Blanc,,"Graves, Bordeaux",波爾多,France,法國,,
204,Graves,Red,紅酒,Domaine Clarence Dillon,,La Chapelle de La Mission Haut Brion,,"Graves, Bordeaux",波爾多,France,法國,,
205,Graves,White,白酒,Domaine Clarence Dillon,,La Clarte de Haut Brion,,"Graves, Bordeaux",波爾多,France,法國,,
206,Graves,Red,紅酒,Chateau Pape Clement,,Chateau Pape Clement Rouge,,"Pessac Leognan, Bordeaux",波爾多,France,法國,,
207,Graves,White,白酒,Chateau Pape Clement,,Chateau Pape Clement Blanc,,"Pessac Leognan, Bordeaux",波爾多,France,法國,,
208,Graves,Red,紅酒,Chateau Pape Clement,,Le Clementin du Pape Clement Rouge,,"Pessac Leognan, Bordeaux",波爾多,France,法國,,
209,Graves,White,白酒,Chateau La Tour Haut Brion,,Le Clementin du Pape Clement Blanc,,"Pessac Leognan, Bordeaux",波爾多,France,法國,,
210,Graves,Red,紅酒,Chateau Couhins,,Chateau Couhins Rouge,,"Pessac Leognan, Bordeaux",波爾多,France,法國,,
211,Graves,White,白酒,Chateau Couhins,,Chateau Couhins White,,"Pessac Leognan, Bordeaux",波爾多,France,法國,,
212,Graves,Red,紅酒,Chateau Couhins,,Couhins La Gravette Rouge,,"Pessac Leognan, Bordeaux",波爾多,France,法國,,
213,Graves,White,白酒,Chateau Couhins,,Couhins La Gravette Blanc,,"Pessac Leognan, Bordeaux",波爾多,France,法國,,
214,Graves,White,白酒,Chateau Couhins Lurton,,Chateau Couhins Lurton Blanc,,"Graves, Bordeaux",波爾多,France,法國,,
215,Graves,Red,紅酒,Chateau Couhins Lurton,,Chateau Couhins Lurton Rouge,,"Graves, Bordeaux",波爾多,France,法國,,
216,St. Emilion Premier Grand Cru Classe A,Red,紅酒,Chateau Angelus,,Chateau Angelus,,"St. Emilion, Bordeaux",波爾多,France,法國,,
217,St. Emilion Premier Grand Cru Classe A,Red,紅酒,Chateau Ausone,,Chateau Ausone,,"St. Emilion, Bordeaux",波爾多,France,法國,,
218,St. Emilion Premier Grand Cru Classe A,Red,紅酒,Chateau Cheval Blanc,,Chateau Cheval Blanc,,"St. Emilion, Bordeaux",波爾多,France,法國,,
219,St. Emilion Premier Grand Cru Classe A,Red,紅酒,Chateau Pavie,,Chateau Pavie,,"St. Emilion, Bordeaux",波爾多,France,法國,,
220,St. Emilion Premier Grand Cru Classe B,Red,紅酒,Chateau Beausejour Duffau-Lagarrosse,,Chateau Beausejour Duffau-Lagarrosse,,"St. Emilion, Bordeaux",波爾多,France,法國,,
221,St. Emilion Premier Grand Cru Classe B,Red,紅酒,Chateau Beau-Sejour Becot,,Chateau Beau-Sejour Becot,,"St. Emilion, Bordeaux",波爾多,France,法國,,
222,St. Emilion Premier Grand Cru Classe B,Red,紅酒,Chateau Belair-Monange,,Chateau Belair-Monange,,"St. Emilion, Bordeaux",波爾多,France,法國,,
223,St. Emilion Premier Grand Cru Classe B,Red,紅酒,Chateau Canon,,Chateau Canon,,"St. Emilion, Bordeaux",波爾多,France,法國,,
224,St. Emilion Premier Grand Cru Classe B,Red,紅酒,Chateau Canon La Gaffeliere,,Chateau Canon La Gaffeliere,,"St. Emilion, Bordeaux",波爾多,France,法國,,
225,St. Emilion Premier Grand Cru Classe B,Red,紅酒,Chateau Figeac,,Chateau Figeac,,"St. Emilion, Bordeaux",波爾多,France,法國,,
226,St. Emilion Premier Grand Cru Classe B,Red,紅酒,Clos Fourtet,,Clos Fourtet,,"St. Emilion, Bordeaux",波爾多,France,法國,,
227,St. Emilion Premier Grand Cru Classe B,Red,紅酒,Chateau La Gaffeliere,,Chateau La Gaffeliere,,"St. Emilion, Bordeaux",波爾多,France,法國,,
228,St. Emilion Premier Grand Cru Classe B,Red,紅酒,Chateau Larcis Ducasse,,Chateau Larcis Ducasse,,"St. Emilion, Bordeaux",波爾多,France,法國,,
229,St. Emilion Premier Grand Cru Classe B,Red,紅酒,La Mondotte,,La Mondotte,,"St. Emilion, Bordeaux",波爾多,France,法國,,
230,St. Emilion Premier Grand Cru Classe B,Red,紅酒,Chateau Pavie Macquin,,Chateau Pavie Macquin,,"St. Emilion, Bordeaux",波爾多,France,法國,,
231,St. Emilion Premier Grand Cru Classe B,Red,紅酒,Chateau Troplong Mondot,,Chateau Troplong Mondot,,"St. Emilion, Bordeaux",波爾多,France,法國,,
232,St. Emilion Premier Grand Cru Classe B,Red,紅酒,Chateau Trotte Vieille,,Chateau Trotte Vieille,,"St. Emilion, Bordeaux",波爾多,France,法國,,
233,St. Emilion Premier Grand Cru Classe B,Red,紅酒,Chateau Valandraud,,Chateau Valandraud,,"St. Emilion, Bordeaux",波爾多,France,法國,,
234,St. Emilion Grand Cru Classe,Red,紅酒,Chateau L’Arrosee,,Chateau L’Arrosee,,"St. Emilion, Bordeaux",波爾多,France,法國,,
235,St. Emilion Grand Cru Classe,Red,紅酒,Chateau Balestard La Tonnelle,,Chateau Balestard La Tonnelle,,"St. Emilion, Bordeaux",波爾多,France,法國,,
236,St. Emilion Grand Cru Classe,Red,紅酒,Chateau Barde Haut,,Chateau Barde Haut,,"St. Emilion, Bordeaux",波爾多,France,法國,,
237,St. Emilion Grand Cru Classe,Red,紅酒,Chateau Bellefont-Belcier,,Chateau Bellefont-Belcier,,"St. Emilion, Bordeaux",波爾多,France,法國,,
238,St. Emilion Grand Cru Classe,Red,紅酒,Chateau Bellevue,,Chateau Bellevue,,"St. Emilion, Bordeaux",波爾多,France,法國,,
239,St. Emilion Grand Cru Classe,Red,紅酒,Chateau Berliquet,,Chateau Berliquet,,"St. Emilion, Bordeaux",波爾多,France,法國,,
240,St. Emilion Grand Cru Classe,Red,紅酒,Chateau Cadet Bon,,Chateau Cadet Bon,,"St. Emilion, Bordeaux",波爾多,France,法國,,
241,St. Emilion Grand Cru Classe,Red,紅酒,Chateau Cap de Mourlin,,Chateau Cap de Mourlin,,"St. Emilion, Bordeaux",波爾多,France,法國,,
242,St. Emilion Grand Cru Classe,Red,紅酒,Chateau Le Chatelet,,Chateau Le Chatelet,,"St. Emilion, Bordeaux",波爾多,France,法國,,
243,St. Emilion Grand Cru Classe,Red,紅酒,Chateau Chauvin,,Chateau Chauvin,,"St. Emilion, Bordeaux",波爾多,France,法國,,
244,St. Emilion Grand Cru Classe,Red,紅酒,Chateau Clos de Sarpe,,Chateau Clos de Sarpe,,"St. Emilion, Bordeaux",波爾多,France,法國,,
245,St. Emilion Grand Cru Classe,Red,紅酒,Chateau La Clotte,,Chateau La Clotte,,"St. Emilion, Bordeaux",波爾多,France,法國,,
246,St. Emilion Grand Cru Classe,Red,紅酒,Chateau La Commanderie,,Chateau La Commanderie,,"St. Emilion, Bordeaux",波爾多,France,法國,,
247,St. Emilion Grand Cru Classe,Red,紅酒,Chateau Corbin,,Chateau Corbin,,"St. Emilion, Bordeaux",波爾多,France,法國,,
248,St. Emilion Grand Cru Classe,Red,紅酒,Chateau Baleau,,Chateau Baleau,,"St. Emilion, Bordeaux",波爾多,France,法國,,
249,St. Emilion Grand Cru Classe,Red,紅酒,Chateau Couspaude,,Chateau Couspaude,,"St. Emilion, Bordeaux",波爾多,France,法國,,
250,St. Emilion Grand Cru Classe,Red,紅酒,Chateau Dassault,,Chateau Dassault,,"St. Emilion, Bordeaux",波爾多,France,法國,,
251,St. Emilion Grand Cru Classe,Red,紅酒,Chateau Destieux,,Chateau Destieux,,"St. Emilion, Bordeaux",波爾多,France,法國,,
252,St. Emilion Grand Cru Classe,Red,紅酒,Chateau La Dominique,,Chateau La Dominique,,"St. Emilion, Bordeaux",波爾多,France,法國,,
253,St. Emilion Grand Cru Classe,Red,紅酒,Chateau Faugeres,,Chateau Faugeres,,"St. Emilion, Bordeaux",波爾多,France,法國,,
254,St. Emilion Grand Cru Classe,Red,紅酒,Chateau Faurie de Souchard,,Chateau Faurie de Souchard,,"St. Emilion, Bordeaux",波爾多,France,法國,,
255,St. Emilion Grand Cru Classe,Red,紅酒,Chateau Ferrand,,Chateau Ferrand,,"St. Emilion, Bordeaux",波爾多,France,法國,,
256,St. Emilion Grand Cru Classe,Red,紅酒,Chateau Fleur Cardinale,,Chateau Fleur Cardinale,,"St. Emilion, Bordeaux",波爾多,France,法國,,
257,St. Emilion Grand Cru Classe,Red,紅酒,Chateau La Fleur Morange,,Chateau La Fleur Morange,,"St. Emilion, Bordeaux",波爾多,France,法國,,
258,St. Emilion Grand Cru Classe,Red,紅酒,Bernard Magrez,,Chateau Fombrauge,,"St. Emilion, Bordeaux",波爾多,France,法國,,
259,St. Emilion Grand Cru Classe,White,白酒,Bernard Magrez,,Chateau Fombrauge Blanc,,"St. Emilion, Bordeaux",波爾多,France,法國,,
260,St. Emilion Grand Cru Classe,White,白酒,Bernard Magrez,,Magrez Fombrauge,,"St. Emilion, Bordeaux",波爾多,France,法國,,
261,St. Emilion Grand Cru Classe,Red,紅酒,Bernard Magrez,,Preludge de Fombrauge,,"St. Emilion, Bordeaux",波爾多,France,法國,,
262,St. Emilion Grand Cru Classe,Red,紅酒,Chateau Fonplegade,,Chateau Fonplegade,,"St. Emilion, Bordeaux",波爾多,France,法國,,
263,St. Emilion Grand Cru Classe,Red,紅酒,Chateau Fonroque,,Chateau Fonroque,,"St. Emilion, Bordeaux",波爾多,France,法國,,
264,St. Emilion Grand Cru Classe,Red,紅酒,Chateau Franc Mayne,,Chateau Franc Mayne,,"St. Emilion, Bordeaux",波爾多,France,法國,,
265,St. Emilion Grand Cru Classe,Red,紅酒,Chateau Grand Corbin,,Chateau Grand Corbin,,"St. Emilion, Bordeaux",波爾多,France,法國,,
266,St. Emilion Grand Cru Classe,Red,紅酒,Chateau Grand Corbin Despagne,,Chateau Grand Corbin Despagne,,"St. Emilion, Bordeaux",波爾多,France,法國,,
267,St. Emilion Grand Cru Classe,Red,紅酒,Chateau Grand Mayne,,Chateau Grand Mayne,,"St. Emilion, Bordeaux",波爾多,France,法國,,
268,St. Emilion Grand Cru Classe,Red,紅酒,Chateau Les Grandes Murailles,,Chateau Les Grandes Murailles,,"St. Emilion, Bordeaux",波爾多,France,法國,,
269,St. Emilion Grand Cru Classe,Red,紅酒,Chateau Grand Pontet,,Chateau Grand Pontet,,"St. Emilion, Bordeaux",波爾多,France,法國,,
270,St. Emilion Grand Cru Classe,Red,紅酒,Chateau Guadet,,Chateau Guadet,,"St. Emilion, Bordeaux",波爾多,France,法國,,
271,St. Emilion Grand Cru Classe,Red,紅酒,Chateau Haut Sarpe,,Chateau Haut Sarpe,,"St. Emilion, Bordeaux",波爾多,France,法國,,
272,St. Emilion Grand Cru Classe,Red,紅酒,Clos des Jacobins,,Clos des Jacobins,,"St. Emilion, Bordeaux",波爾多,France,法國,,
273,St. Emilion Grand Cru Classe,Red,紅酒,Chateau Jean Faure,,Chateau Jean Faure,,"St. Emilion, Bordeaux",波爾多,France,法國,,
274,St. Emilion Grand Cru Classe,Red,紅酒,Chateau Laniote,,Chateau Laniote,,"St. Emilion, Bordeaux",波爾多,France,法國,,
275,St. Emilion Grand Cru Classe,Red,紅酒,Chateau Larmande,,Chateau Larmande,,"St. Emilion, Bordeaux",波爾多,France,法國,,
276,St. Emilion Grand Cru Classe,Red,紅酒,Chateau Laroque,,Chateau Laroque,,"St. Emilion, Bordeaux",波爾多,France,法國,,
277,St. Emilion Grand Cru Classe,Red,紅酒,Chateau Laroze,,Chateau Laroze,,"St. Emilion, Bordeaux",波爾多,France,法國,,
278,St. Emilion Grand Cru Classe,Red,紅酒,Chateau La Marzelle,,Chateau La Marzelle,,"St. Emilion, Bordeaux",波爾多,France,法國,,
279,St. Emilion Grand Cru Classe,Red,紅酒,Chateau Monbousquet,,Chateau Monbousquet,,"St. Emilion, Bordeaux",波爾多,France,法國,,
280,St. Emilion Grand Cru Classe,Red,紅酒,Chateau Moulin Du Cadet,,Chateau Moulin Du Cadet,,"St. Emilion, Bordeaux",波爾多,France,法國,,
281,St. Emilion Grand Cru Classe,Red,紅酒,Clos de l’Oratoire,,Clos de l’Oratoire,,"St. Emilion, Bordeaux",波爾多,France,法國,,
282,St. Emilion Grand Cru Classe,Red,紅酒,Clos La Madeleine,,Clos La Madeleine,,"St. Emilion, Bordeaux",波爾多,France,法國,,
283,St. Emilion Grand Cru Classe,Red,紅酒,Chateau Pavie Decesse,,Chateau Pavie Decesse,,"St. Emilion, Bordeaux",波爾多,France,法國,,
284,St. Emilion Grand Cru Classe,Red,紅酒,Chateau Peby Faugeres,,Chateau Peby Faugeres,,"St. Emilion, Bordeaux",波爾多,France,法國,,
285,St. Emilion Grand Cru Classe,Red,紅酒,Chateau Petit Faurie Soutard,,Chateau Petit Faurie Soutard,,"St. Emilion, Bordeaux",波爾多,France,法國,,
286,St. Emilion Grand Cru Classe,Red,紅酒,Chateau Pressac,,Chateau Pressac,,"St. Emilion, Bordeaux",波爾多,France,法國,,
287,St. Emilion Grand Cru Classe,Red,紅酒,Chateau Le Prieure,,Chateau Le Prieure,,"St. Emilion, Bordeaux",波爾多,France,法國,,
288,St. Emilion Grand Cru Classe,Red,紅酒,Chateau Quinault L’Enclos,,Chateau Quinault L’Enclos,,"St. Emilion, Bordeaux",波爾多,France,法國,,
289,St. Emilion Grand Cru Classe,Red,紅酒,Chateau Ripeau,,Chateau Ripeau,,"St. Emilion, Bordeaux",波爾多,France,法國,,
290,St. Emilion Grand Cru Classe,Red,紅酒,Chateau Rochebelle,,Chateau Rochebelle,,"St. Emilion, Bordeaux",波爾多,France,法國,,
291,St. Emilion Grand Cru Classe,Red,紅酒,Chateau Saint Georges-Cote Pavie,,Chateau Saint Georges-Cote Pavie,,"St. Emilion, Bordeaux",波爾多,France,法國,,
292,St. Emilion Grand Cru Classe,Red,紅酒,Clos St. Martin,,Clos St. Martin,,"St. Emilion, Bordeaux",波爾多,France,法國,,
293,St. Emilion Grand Cru Classe,Red,紅酒,Chateau Sansonnet,,Chateau Sansonnet,,"St. Emilion, Bordeaux",波爾多,France,法國,,
294,St. Emilion Grand Cru Classe,Red,紅酒,Chateau La Serre,,Chateau La Serre,,"St. Emilion, Bordeaux",波爾多,France,法國,,
295,St. Emilion Grand Cru Classe,Red,紅酒,Chateau Soutard,,Chateau Soutard,,"St. Emilion, Bordeaux",波爾多,France,法國,,
296,St. Emilion Grand Cru Classe,Red,紅酒,Chateau Tertre Daugay,,Chateau Tertre Daugay,,"St. Emilion, Bordeaux",波爾多,France,法國,,
297,St. Emilion Grand Cru Classe,Red,紅酒,Chateau La Tour Figeac,,Chateau La Tour Figeac,,"St. Emilion, Bordeaux",波爾多,France,法國,,
298,St. Emilion Grand Cru Classe,Red,紅酒,Chateau Villemaurine,,Chateau Villemaurine,,"St. Emilion, Bordeaux",波爾多,France,法國,,
299,St. Emilion Grand Cru Classe,Red,紅酒,Chateau Yon-Figeac,,Chateau Yon-Figeac,,"St. Emilion, Bordeaux",波爾多,France,法國,,
300,,Red,紅酒,Chateau Beauregard,,Chateau Beauregard,,"Pomerol, Bordeaux","波默罗, 波爾多",France,法國,,
301,,Red,紅酒,Chateau Bellegrave,,Chateau Bellegrave,,"Pomerol, Bordeaux","波默罗, 波爾多",France,法國,,
302,,Red,紅酒,Chateau Le Bon Pasteur,,Chateau Le Bon Pasteur,,"Pomerol, Bordeaux","波默罗, 波爾多",France,法國,,
303,,Red,紅酒,Chateau Clinet,,Chateau Clinet,,"Pomerol, Bordeaux","波默罗, 波爾多",France,法國,,
304,,Red,紅酒,Chateau Clos L'Eglise,,Chateau Clos L'Eglise,,"Pomerol, Bordeaux","波默罗, 波爾多",France,法國,,
305,,Red,紅酒,Chateau Eglise Clinet,,Chateau Eglise Clinet,,"Pomerol, Bordeaux","波默罗, 波爾多",France,法國,,
306,,Red,紅酒,Chateau Eglise Clinet,,"Chateau Eglise Clinet ""La Petite Eglise""",,"Pomerol, Bordeaux","波默罗, 波爾多",France,法國,,
307,,Red,紅酒,Domaines Barons de Rothschild,,Chateau L'Evangile,,"Pomerol, Bordeaux","波默罗, 波爾多",France,法國,,
308,,Red,紅酒,Chateau Gazin,,Chateau Gazin,,"Pomerol, Bordeaux","波默罗, 波爾多",France,法國,,
309,,Red,紅酒,Chateau La Conseillante,,Chateau La Conseillante,,"Pomerol, Bordeaux","波默罗, 波爾多",France,法國,,
310,,Red,紅酒,Chateau La Croix de Gay,,Chateau La Croix de Gay,,"Pomerol, Bordeaux","波默罗, 波爾多",France,法國,,
311,,Red,紅酒,Chateau La Croix du Casse,,Chateau La Croix du Casse,,"Pomerol, Bordeaux","波默罗, 波爾多",France,法國,,
312,,Red,紅酒,Chateau La Croix St. Georges,,Chateau La Croix St. Georges,,"Pomerol, Bordeaux","波默罗, 波爾多",France,法國,,
313,,Red,紅酒,Chateau La Fleur de Gay,,Chateau La Fleur de Gay,,"Pomerol, Bordeaux","波默罗, 波爾多",France,法國,,
314,,Red,紅酒,Chateau La Fleur Petrus,,Chateau La Fleur Petrus,,"Pomerol, Bordeaux","波默罗, 波爾多",France,法國,,
315,,Red,紅酒,Chateau La Violette,,Chateau La Violette,,"Pomerol, Bordeaux","波默罗, 波爾多",France,法國,,
316,,Red,紅酒,Chateau Latour a Pomerol,,Chateau Latour a Pomerol,,"Pomerol, Bordeaux","波默罗, 波爾多",France,法國,,
317,,Red,紅酒,Chateau Le Gay,,Chateau Le Gay,,"Pomerol, Bordeaux","波默罗, 波爾多",France,法國,,
318,,Red,紅酒,Chateau Le Gay,,Chateau Le Gay Manoir de Gay,,"Pomerol, Bordeaux","波默罗, 波爾多",France,法國,,
319,,Red,紅酒,Chateau Petit Village,,Chateau Petit Village,,"Pomerol, Bordeaux","波默罗, 波爾多",France,法國,,
320,,Red,紅酒,Chateau Rouget,,Chateau Rouget,,"Pomerol, Bordeaux","波默罗, 波爾多",France,法國,,
321,,Red,紅酒,Chateau Taillefer,,Chateau Taillefer,,"Pomerol, Bordeaux","波默罗, 波爾多",France,法國,,
322,,Red,紅酒,Chateau Trotanoy,,Chateau Trotanoy,,"Pomerol, Bordeaux","波默罗, 波爾多",France,法國,,
323,,Red,紅酒,Vieux Chateau Certan,,Vieux Chateau Certan,,"Pomerol, Bordeaux","波默罗, 波爾多",France,法國,,
324,,Red,紅酒,Vieux Chateau Certan,,Gravette de Certain,,"Pomerol, Bordeaux","波默罗, 波爾多",France,法國,,
325,,Red,紅酒,Chateau Nenin,,Chateau Nenin,,"Pomerol, Bordeaux","波默罗, 波爾多",France,法國,,
326,,Red,紅酒,Chateau Nenin,,Fugue de Nenin,,"Pomerol, Bordeaux","波默罗, 波爾多",France,法國,,
327,,Red,紅酒,Chateau Potensac,,Chateau Potensac,,"Medoc, Bordeaux",波爾多,France,法國,,
328,,Red,紅酒,Chateau Potensac,,Chapelle de Pontensac,,"Medoc, Bordeaux",波爾多,France,法國,,
329,Sauternes Premier Cru Superieur,Sweet,甜酒,Chateau d'Yquem,,Chateau d'Yquem,,"Sauternes, Bordeaux",波爾多,France,法國,,
330,Sauternes Premiers Crus,Sweet,甜酒,Chateau La Tour Blanche,,Chateau La Tour Blanche,,"Sauternes, Bordeaux",波爾多,France,法國,,
331,Sauternes Premiers Crus,Sweet,甜酒,Bernard Magrez,,Chateau Lafaurie-Peyraguey,,"Sauternes, Bordeaux",波爾多,France,法國,,
332,Sauternes Premiers Crus,Sweet,甜酒,Bernard Magrez,,Symphonie de Haut Peyraguey,,"Sauternes, Bordeaux",波爾多,France,法國,,
333,Sauternes Premiers Crus,Sweet,甜酒,Bernard Magrez,,Chateau Haut Bommes,,"Sauternes, Bordeaux",波爾多,France,法國,,
334,Sauternes Premiers Crus,Sweet,甜酒,Chateau Clos Haut Peyraguey,,Chateau Clos Haut Peyraguey,,"Sauternes, Bordeaux",波爾多,France,法國,,
335,Sauternes Premiers Crus,Sweet,甜酒,Chateau Rayne Vigneau,,Chateau Rayne Vigneau,,"Sauternes, Bordeaux",波爾多,France,法國,,
336,Sauternes Premiers Crus,Sweet,甜酒,Chateau Suduiraut,,Chateau Suduiraut,,"Sauternes, Bordeaux",波爾多,France,法國,,
337,Sauternes Premiers Crus,Sweet,甜酒,Chateau Coutet,,Chateau Coutet,,"Sauternes, Bordeaux",波爾多,France,法國,,
338,Sauternes Premiers Crus,Sweet,甜酒,Chateau Climens,,Chateau Climens,,"Sauternes, Bordeaux",波爾多,France,法國,,
339,Sauternes Premiers Crus,Sweet,甜酒,Chateau Guiraud,,Chateau Guiraud,,"Sauternes, Bordeaux",波爾多,France,法國,,
340,Sauternes Premiers Crus,Sweet,甜酒,Domaines Barons de Rothschild,,Chateau Rieussec,,"Sauternes, Bordeaux",波爾多,France,法國,,
341,Sauternes Premiers Crus,Sweet,甜酒,Chateau Raubaud Promis,,Chateau Raubaud Promis,,"Sauternes, Bordeaux",波爾多,France,法國,,
342,Sauternes Premiers Crus,Sweet,甜酒,Chateau Sigalas Rabaud,,Chateau Sigalas Rabaud,,"Sauternes, Bordeaux",波爾多,France,法國,,
343,Sauternes Deuxiemes Crus,Sweet,甜酒,Chateau de Myrat,,Chateau de Myrat,,"Sauternes, Bordeaux",波爾多,France,法國,,
344,Sauternes Deuxiemes Crus,Sweet,甜酒,Chateau Doisy Daene,,Chateau Doisy Daene,,"Sauternes, Bordeaux",波爾多,France,法國,,
345,Sauternes Deuxiemes Crus,Sweet,甜酒,Chateau Doisy Dubroca,,Chateau Doisy Dubroca,,"Sauternes, Bordeaux",波爾多,France,法國,,
346,Sauternes Deuxiemes Crus,Sweet,甜酒,Chateau Doisy Vedrines,,Chateau Doisy Vedrines,,"Sauternes, Bordeaux",波爾多,France,法國,,
347,Sauternes Deuxiemes Crus,Sweet,甜酒,Chateau d’Arche,,Chateau d’Arche,,"Sauternes, Bordeaux",波爾多,France,法國,,
348,Sauternes Deuxiemes Crus,Sweet,甜酒,Chateau Filhot,,Chateau Filhot,,"Sauternes, Bordeaux",波爾多,France,法國,,
349,Sauternes Deuxiemes Crus,Sweet,甜酒,Chateau Broustet,,Chateau Broustet,,"Sauternes, Bordeaux",波爾多,France,法國,,
350,Sauternes Deuxiemes Crus,Sweet,甜酒,Chateau Nairac,,Chateau Nairac,,"Sauternes, Bordeaux",波爾多,France,法國,,
351,Sauternes Deuxiemes Crus,Sweet,甜酒,Chateau Caillou,,Chateau Caillou,,"Sauternes, Bordeaux",波爾多,France,法國,,
352,Sauternes Deuxiemes Crus,Sweet,甜酒,Chateau Suau,,Chateau Suau,,"Sauternes, Bordeaux",波爾多,France,法國,,
353,Sauternes Deuxiemes Crus,Sweet,甜酒,Chateau de Malle,,Chateau de Malle,,"Sauternes, Bordeaux",波爾多,France,法國,,
354,Sauternes Deuxiemes Crus,Sweet,甜酒,Chateau Romer,,Chateau Romer,,"Sauternes, Bordeaux",波爾多,France,法國,,
355,Sauternes Deuxiemes Crus,Sweet,甜酒,Chateau Lamothe Despujols,,Chateau Lamothe Despujols,,"Sauternes, Bordeaux",波爾多,France,法國,,
356,Sauternes Deuxiemes Crus,Sweet,甜酒,Chateau Lamothe Guignard,,Chateau Lamothe Guignard,,"Sauternes, Bordeaux",波爾多,France,法國,,
357,Cru Bourgeois Exceptionnel,Red,紅酒,Chateau Chasse Spleen,,Chateau Chasse Spleen,,"Moulis, Bordeaux",波爾多,France,法國,,
358,Cru Bourgeois Exceptionnel,Red,紅酒,Chateau Haut Marbuzet,,Chateau Haut Marbuzet,,"St. Estephe, Bordeaux",波爾多,France,法國,,
359,Cru Bourgeois Exceptionnel,Red,紅酒,Chateau Labegorce Zede,,Chateau Labegorce Zede,,"Margaux, Bordeaux",波爾多,France,法國,,
360,Cru Bourgeois Exceptionnel,Red,紅酒,Chateau Les Ormes de Pez,,Chateau Les Ormes de Pez,,"St. Estephe, Bordeaux",波爾多,France,法國,,
361,Cru Bourgeois Exceptionnel,Red,紅酒,Chateau de Pez,,Chateau de Pez,,"St. Estephe, Bordeaux",波爾多,France,法國,,
362,Cru Bourgeois Exceptionnel,Red,紅酒,Chateau Phelan Segur,,Chateau Phelan Segur,,"St. Estephe, Bordeaux",波爾多,France,法國,,
363,Cru Bourgeois Exceptionnel,Red,紅酒,Chateau Potensac,,Chateau Potensac,,"Medoc, Bordeaux",波爾多,France,法國,,
364,Cru Bourgeois Exceptionnel,Red,紅酒,Chateau Poujeaux,,Chateau Poujeaux,,"Moulis, Bordeaux",波爾多,France,法國,,
365,Cru Bourgeois Exceptionnel,Red,紅酒,Chateau Siran,,Chateau Siran,,"Margaux, Bordeaux",波爾多,France,法國,,
366,Cru Bourgeois Superieur,Red,紅酒,Chateau d’Agassac,,Chateau d’Agassac,,"Haut Medoc, Bordeaux",波爾多,France,法國,,
367,Cru Bourgeois Superieur,Red,紅酒,Chateau d’Angludet,,Chateau d’Angludet,,"Margaux, Bordeaux",波爾多,France,法國,,
368,Cru Bourgeois Superieur,Red,紅酒,Chateau Anthonic,,Chateau Anthonic,,"Moulis, Bordeaux",波爾多,France,法國,,
369,Cru Bourgeois Superieur,Red,紅酒,Chateau d’Arche,,Chateau d’Arche,,"Haut Medoc, Bordeaux",波爾多,France,法國,,
370,Cru Bourgeois Superieur,Red,紅酒,Chateau Arnauld,,Chateau Arnauld,,"Haut Medoc, Bordeaux",波爾多,France,法國,,
371,Cru Bourgeois Superieur,Red,紅酒,Chateau d’Arsac,,Chateau d’Arsac,,"Margaux, Bordeaux",波爾多,France,法國,,
372,Cru Bourgeois Superieur,Red,紅酒,Chateau Beaumont,,Chateau Beaumont,,"Haut Medoc, Bordeaux",波爾多,France,法國,,
373,Cru Bourgeois Superieur,Red,紅酒,Chateau Beau-Site,,Chateau Beau-Site,,"St. Estephe, Bordeaux",波爾多,France,法國,,
374,Cru Bourgeois Superieur,Red,紅酒,Chateau Biston-Brillette,,Chateau Biston-Brillette,,"Moulis, Bordeaux",波爾多,France,法國,,
375,Cru Bourgeois Superieur,Red,紅酒,Chateau Le Boscq,,Chateau Le Boscq,,"St. Estephe, Bordeaux",波爾多,France,法國,,
376,Cru Bourgeois Superieur,Red,紅酒,Chateau Bournac,,Chateau Bournac,,"Medoc, Bordeaux",波爾多,France,法國,,
377,Cru Bourgeois Superieur,Red,紅酒,Chateau Brillette,,Chateau Brillette,,"Moulis, Bordeaux",波爾多,France,法國,,
378,Cru Bourgeois Superieur,Red,紅酒,Chateau Cambon Le Pelouse,,Chateau Cambon Le Pelouse,,"Haut Medoc, Bordeaux",波爾多,France,法國,,
379,Cru Bourgeois Superieur,Red,紅酒,Chateau Cap-Leon-Veyrin,,Chateau Cap-Leon-Veyrin,,"Listrac, Bordeaux",波爾多,France,法國,,
380,Cru Bourgeois Superieur,Red,紅酒,Chateau La Cardonne,,Chateau La Cardonne,,"Medoc, Bordeaux",波爾多,France,法國,,
381,Cru Bourgeois Superieur,Red,紅酒,Chateau Caronne Ste. Gemme,,Chateau Caronne Ste. Gemme,,"Haut Medoc, Bordeaux",波爾多,France,法國,,
382,Cru Bourgeois Superieur,Red,紅酒,Chateau Castera Saint-Germain-d’Esteuil,,Chateau Castera Saint-Germain-d’Esteuil,,"Medoc, Bordeaux",波爾多,France,法國,,
383,Cru Bourgeois Superieur,Red,紅酒,Chateau Chambert-Marbuzet,,Chateau Chambert-Marbuzet,,"St. Estephe, Bordeaux",波爾多,France,法國,,
384,Cru Bourgeois Superieur,Red,紅酒,Chateau Charmail,,Chateau Charmail,,"Haut Medoc, Bordeaux",波爾多,France,法國,,
385,Cru Bourgeois Superieur,Red,紅酒,Chateau Cissac,,Chateau Cissac,,"Haut Medoc, Bordeaux",波爾多,France,法國,,
386,Cru Bourgeois Superieur,Red,紅酒,Chateau Citran,,Chateau Citran,,"Haut Medoc, Bordeaux",波爾多,France,法國,,
387,Cru Bourgeois Superieur,Red,紅酒,Chateau Clarke,,Chateau Clarke,,"Listrac, Bordeaux",波爾多,France,法國,,
388,Cru Bourgeois Superieur,Red,紅酒,Chateau Clauzet,,Chateau Clauzet,,"St. Estephe, Bordeaux",波爾多,France,法國,,
389,Cru Bourgeois Superieur,Red,紅酒,Chateau Clement Pichon,,Chateau Clement Pichon,,"Haut Medoc, Bordeaux",波爾多,France,法國,,
390,Cru Bourgeois Superieur,Red,紅酒,Chateau Colombier-Ponpelou,,Chateau Colombier-Ponpelou,,"Pauillac, Bordeaux",波爾多,France,法國,,
391,Cru Bourgeois Superieur,Red,紅酒,Chateau Coufran,,Chateau Coufran,,"Haut Medoc, Bordeaux",波爾多,France,法國,,
392,Cru Bourgeois Superieur,Red,紅酒,Chateau Le Crock,,Chateau Le Crock,,"St. Estephe, Bordeaux",波爾多,France,法國,,
393,Cru Bourgeois Superieur,Red,紅酒,Chateau Dutruch Grand Poujeaux,,Chateau Dutruch Grand Poujeaux,,"Moulis, Bordeaux",波爾多,France,法國,,
394,Cru Bourgeois Superieur,Red,紅酒,Chateau d’Escurac,,Chateau d’Escurac,,"Medoc, Bordeaux",波爾多,France,法國,,
395,Cru Bourgeois Superieur,Red,紅酒,Chateau Fonbadet,,Chateau Fonbadet,,"Pauillac, Bordeaux",波爾多,France,法國,,
396,Cru Bourgeois Superieur,Red,紅酒,Chateau Fonreaud,,Chateau Fonreaud,,"Listrac, Bordeaux",波爾多,France,法國,,
397,Cru Bourgeois Superieur,Red,紅酒,Chateau Fourcas Dupre,,Chateau Fourcas Dupre,,"Listrac, Bordeaux",波爾多,France,法國,,
398,Cru Bourgeois Superieur,Red,紅酒,Chateau Fourcas Hosten,,Chateau Fourcas Hosten,,"Listrac, Bordeaux",波爾多,France,法國,,
399,Cru Bourgeois Superieur,Red,紅酒,Chateau Furcas Loubaney,,Chateau Furcas Loubaney,,"Listrac, Bordeaux",波爾多,France,法國,,
400,Cru Bourgeois Superieur,Red,紅酒,Chateau du Glana,,Chateau du Glana,,"St. Julien, Bordeaux",波爾多,France,法國,,
401,Cru Bourgeois Superieur,Red,紅酒,Chateau Les Grands Chenes,,Chateau Les Grands Chenes,,"Medoc, Bordeaux",波爾多,France,法國,,
402,Cru Bourgeois Superieur,Red,紅酒,Chateau Gressier Grand Poujeaux,,Chateau Gressier Grand Poujeaux,,"Moulis, Bordeaux",波爾多,France,法國,,
403,Cru Bourgeois Superieur,Red,紅酒,Chateau Greysac,,Chateau Greysac,,"Medoc, Bordeaux",波爾多,France,法國,,
404,Cru Bourgeois Superieur,Red,紅酒,Chateau La Gurgue,,Chateau La Gurgue,,"Margaux, Bordeaux",波爾多,France,法國,,
405,Cru Bourgeois Superieur,Red,紅酒,Chateau Hanteillan,,Chateau Hanteillan,,"Haut Medoc, Bordeaux",波爾多,France,法國,,
406,Cru Bourgeois Superieur,Red,紅酒,Chateau Haut-Bages Monpelou,,Chateau Haut-Bages Monpelou,,"Pauillac, Bordeaux",波爾多,France,法國,,
407,Cru Bourgeois Superieur,Red,紅酒,Chateau La Haye,,Chateau La Haye,,"St. Estephe, Bordeaux",波爾多,France,法國,,
408,Cru Bourgeois Superieur,Red,紅酒,Chateau Labegorce,,Chateau Labegorce,,"Margaux, Bordeaux",波爾多,France,法國,,
409,Cru Bourgeois Superieur,Red,紅酒,Chateau de Lamarque,,Chateau de Lamarque,,"Haut Medoc, Bordeaux",波爾多,France,法國,,
410,Cru Bourgeois Superieur,Red,紅酒,Chateau Lamothe Bergeron,,Chateau Lamothe Bergeron,,"Haut Medoc, Bordeaux",波爾多,France,法國,,
411,Cru Bourgeois Superieur,Red,紅酒,Chateau Lanessan,,Chateau Lanessan,,"Haut Medoc, Bordeaux",波爾多,France,法國,,
412,Cru Bourgeois Superieur,Red,紅酒,Chateau Larose Trintaudon,,Chateau Larose Trintaudon,,"Haut Medoc, Bordeaux",波爾多,France,法國,,
413,Cru Bourgeois Superieur,Red,紅酒,Chateau Lestage,,Chateau Lestage,,"Listrac, Bordeaux",波爾多,France,法國,,
414,Cru Bourgeois Superieur,Red,紅酒,Chateau Lestage Simon,,Chateau Lestage Simon,,"Haut Medoc, Bordeaux",波爾多,France,法國,,
415,Cru Bourgeois Superieur,Red,紅酒,Chateau Lilian Ladouys,,Chateau Lilian Ladouys,,"St. Estephe, Bordeaux",波爾多,France,法國,,
416,Cru Bourgeois Superieur,Red,紅酒,Chateau Liversan,,Chateau Liversan,,"Haut Medoc, Bordeaux",波爾多,France,法國,,
417,Cru Bourgeois Superieur,Red,紅酒,Chateau Loudenne,,Chateau Loudenne,,"Haut Medoc, Bordeaux",波爾多,France,法國,,
418,Cru Bourgeois Superieur,Red,紅酒,Chateau Malescasse,,Chateau Malescasse,,"Haut Medoc, Bordeaux",波爾多,France,法國,,
419,Cru Bourgeois Superieur,Red,紅酒,Chateau de Malleret,,Chateau de Malleret,,"Haut Medoc, Bordeaux",波爾多,France,法國,,
420,Cru Bourgeois Superieur,Red,紅酒,Chateau Maucaillou,,Chateau Maucaillou,,"Moulis, Bordeaux",波爾多,France,法國,,
421,Cru Bourgeois Superieur,Red,紅酒,Chateau Maucamps,,Chateau Maucamps,,"Haut Medoc, Bordeaux",波爾多,France,法國,,
422,Cru Bourgeois Superieur,Red,紅酒,Chateau Mayne Lalande,,Chateau Mayne Lalande,,"Listrac, Bordeaux",波爾多,France,法國,,
423,Cru Bourgeois Superieur,Red,紅酒,Chateau Meyney,,Chateau Meyney,,"St. Estephe, Bordeaux",波爾多,France,法國,,
424,Cru Bourgeois Superieur,Red,紅酒,Chateau Monbrison,,Chateau Monbrison,,"Margaux, Bordeaux",波爾多,France,法國,,
425,Cru Bourgeois Superieur,Red,紅酒,Chateau Moulin a Vent,,Chateau Moulin a Vent,,"Moulis, Bordeaux",波爾多,France,法國,,
426,Cru Bourgeois Superieur,Red,紅酒,Chateau Moulin de La Rose,,Chateau Moulin de La Rose,,"St. Julien, Bordeaux",波爾多,France,法國,,
427,Cru Bourgeois Superieur,Red,紅酒,Chateau Les Ormes Sorbet,,Chateau Les Ormes Sorbet,,"Medoc, Bordeaux",波爾多,France,法國,,
428,Cru Bourgeois Superieur,Red,紅酒,Chateau Paloumey,,Chateau Paloumey,,"Haut Medoc, Bordeaux",波爾多,France,法國,,
429,Cru Bourgeois Superieur,Red,紅酒,Chateau Patache d’Aux,,Chateau Patache d’Aux,,"Medoc, Bordeaux",波爾多,France,法國,,
430,Cru Bourgeois Superieur,Red,紅酒,Chateau Paveil de Luze,,Chateau Paveil de Luze,,"Margaux, Bordeaux",波爾多,France,法國,,
431,Cru Bourgeois Superieur,Red,紅酒,Chateau Petit Bocq,,Chateau Petit Bocq,,"St. Estephe, Bordeaux",波爾多,France,法國,,
432,Cru Bourgeois Superieur,Red,紅酒,Chateau Pibran,,Chateau Pibran,,"Pauillac, Bordeaux",波爾多,France,法國,,
433,Cru Bourgeois Superieur,Red,紅酒,Chateau Ramage La Batisse,,Chateau Ramage La Batisse,,"Haut Medoc, Bordeaux",波爾多,France,法國,,
434,Cru Bourgeois Superieur,Red,紅酒,Chateau Reysson,,Chateau Reysson,,"Haut Medoc, Bordeaux",波爾多,France,法國,,
435,Cru Bourgeois Superieur,Red,紅酒,Chateau Rollan de By,,Chateau Rollan de By,,"Medoc, Bordeaux",波爾多,France,法國,,
436,Cru Bourgeois Superieur,Red,紅酒,Chateau Saransot-Dupre,,Chateau Saransot-Dupre,,"Listrac, Bordeaux",波爾多,France,法國,,
437,Cru Bourgeois Superieur,Red,紅酒,Chateau Segur,,Chateau Segur,,"Haut Medoc, Bordeaux",波爾多,France,法國,,
438,Cru Bourgeois Superieur,Red,紅酒,Chateau Senejac,,Chateau Senejac,,"Haut Medoc, Bordeaux",波爾多,France,法國,,
439,Cru Bourgeois Superieur,Red,紅酒,Chateau Soudars,,Chateau Soudars,,"Haut Medoc, Bordeaux",波爾多,France,法國,,
440,Cru Bourgeois Superieur,Red,紅酒,Chateau du Taillan,,Chateau du Taillan,,"Haut Medoc, Bordeaux",波爾多,France,法國,,
441,Cru Bourgeois Superieur,Red,紅酒,Chateau Terrey Gros Cailloux,,Chateau Terrey Gros Cailloux,,"St. Julien, Bordeaux",波爾多,France,法國,,
442,Cru Bourgeois Superieur,Red,紅酒,Chateau La Tour de By,,Chateau La Tour de By,,"Medoc, Bordeaux",波爾多,France,法國,,
443,Cru Bourgeois Superieur,Red,紅酒,Chateau La Tour de Mons,,Chateau La Tour de Mons,,"Margaux, Bordeaux",波爾多,France,法國,,
444,Cru Bourgeois Superieur,Red,紅酒,Chateau Tour de Pez,,Chateau Tour de Pez,,"St. Estephe, Bordeaux",波爾多,France,法國,,
445,Cru Bourgeois Superieur,Red,紅酒,Chateau Tour du Haut Moulin,,Chateau Tour du Haut Moulin,,"Haut Medoc, Bordeaux",波爾多,France,法國,,
446,Cru Bourgeois Superieur,Red,紅酒,Chateau Tour Haut Caussan,,Chateau Tour Haut Caussan,,"Medoc, Bordeaux",波爾多,France,法國,,
447,Cru Bourgeois Superieur,Red,紅酒,Chateau Tronquoy-Lalande,,Chateau Tronquoy-Lalande,,"St. Estephe, Bordeaux",波爾多,France,法國,,
448,Cru Bourgeois Superieur,Red,紅酒,Chateau Verdignan,,Chateau Verdignan,,"Haut Medoc, Bordeaux",波爾多,France,法國,,
449,Cru Bourgeois Superieur,Red,紅酒,Chateau Vieux Robin,,Chateau Vieux Robin,,"Medoc, Bordeaux",波爾多,France,法國,,
450,Cru Bourgeois Superieur,Red,紅酒,Chateau de Villegorge,,Chateau de Villegorge,,"Haut Medoc, Bordeaux",波爾多,France,法國,,
451,Crus Bourgeois,Red,紅酒,Chateau Andron Blanquet,,Chateau Andron Blanquet,,"St. Estephe, Bordeaux",波爾多,France,法國,,
452,Crus Bourgeois,Red,紅酒,Chateau Aney,,Chateau Aney,,"Haut Medoc, Bordeaux",波爾多,France,法國,,
453,Crus Bourgeois,Red,紅酒,Chateau d’Arcins,,Chateau d’Arcins,,"Haut Medoc, Bordeaux",波爾多,France,法國,,
454,Crus Bourgeois,Red,紅酒,Chateau l’Argenteyre,,Chateau l’Argenteyre,,"Medoc, Bordeaux",波爾多,France,法國,,
455,Crus Bourgeois,Red,紅酒,Chateau d’Aurilhac,,Chateau d’Aurilhac,,"Haut Medoc, Bordeaux",波爾多,France,法國,,
456,Crus Bourgeois,Red,紅酒,Chateau Balac,,Chateau Balac,,"Haut Medoc, Bordeaux",波爾多,France,法國,,
457,Crus Bourgeois,Red,紅酒,Chateau Barateau,,Chateau Barateau,,"Haut Medoc, Bordeaux",波爾多,France,法國,,
458,Crus Bourgeois,Red,紅酒,Chateau Bardis,,Chateau Bardis,,"Haut Medoc, Bordeaux",波爾多,France,法國,,
459,Crus Bourgeois,Red,紅酒,Chateau Barreyres,,Chateau Barreyres,,"Haut Medoc, Bordeaux",波爾多,France,法國,,
460,Crus Bourgeois,Red,紅酒,Chateau Baudan,,Chateau Baudan,,"Listrac, Bordeaux",波爾多,France,法國,,
461,Crus Bourgeois,Red,紅酒,Chateau Beau-Site Haut-Vignoble,,Chateau Beau-Site Haut-Vignoble,,"St. Estephe, Bordeaux",波爾多,France,法國,,
462,Crus Bourgeois,Red,紅酒,Chateau Begadanet,,Chateau Begadanet,,"Medoc, Bordeaux",波爾多,France,法國,,
463,Crus Bourgeois,Red,紅酒,Chateau Bel Air,,Chateau Bel Air,,"St. Estephe, Bordeaux",波爾多,France,法國,,
464,Crus Bourgeois,Red,紅酒,Chateau Bel Air,,Chateau Bel Air,,"Haut Medoc, Bordeaux",波爾多,France,法國,,
465,Crus Bourgeois,Red,紅酒,Chateau Bel Orme Tronquoy-de-Lalande,,Chateau Bel Orme Tronquoy-de-Lalande,,"Haut Medoc, Bordeaux",波爾多,France,法國,,
466,Crus Bourgeois,Red,紅酒,Chateau Bel-Air Lagrave,,Chateau Bel-Air Lagrave,,"Moulis, Bordeaux",波爾多,France,法國,,
467,Crus Bourgeois,Red,紅酒,Chateau des Belles Graves,,Chateau des Belles Graves,,"Medoc, Bordeaux",波爾多,France,法國,,
468,Crus Bourgeois,Red,紅酒,Chateau Bessan Segur,,Chateau Bessan Segur,,"Medoc, Bordeaux",波爾多,France,法國,,
469,Crus Bourgeois,Red,紅酒,Chateau Bibian,,Chateau Bibian,,"Listrac, Bordeaux",波爾多,France,法國,,
470,Crus Bourgeois,Red,紅酒,Chateau Blaignan,,Chateau Blaignan,,"Medoc, Bordeaux",波爾多,France,法國,,
471,Crus Bourgeois,Red,紅酒,Chateau Le Boscq,,Chateau Le Boscq,,"Medoc, Bordeaux",波爾多,France,法國,,
472,Crus Bourgeois,Red,紅酒,Chateau Bourdieu,,Chateau Bourdieu,,"Medoc, Bordeaux",波爾多,France,法國,,
473,Crus Bourgeois,Red,紅酒,Chateau Le Bourdieu,,Chateau Le Bourdieu,,"Haut Medoc, Bordeaux",波爾多,France,法國,,
474,Crus Bourgeois,Red,紅酒,Chateau de Braude,,Chateau de Braude,,"Haut Medoc, Bordeaux",波爾多,France,法國,,
475,Crus Bourgeois,Red,紅酒,Chateau du Breuil,,Chateau du Breuil,,"Haut Medoc, Bordeaux",波爾多,France,法國,,
476,Crus Bourgeois,Red,紅酒,Chateau Bridane,,Chateau Bridane,,"St. Julien, Bordeaux",波爾多,France,法國,,
477,Crus Bourgeois,Red,紅酒,Chateau des Brousteras,,Chateau des Brousteras,,"Medoc, Bordeaux",波爾多,France,法國,,
478,Crus Bourgeois,Red,紅酒,Chateau des Cabans,,Chateau des Cabans,,"Medoc, Bordeaux",波爾多,France,法國,,
479,Crus Bourgeois,Red,紅酒,Chateau Cap de Haut,,Chateau Cap de Haut,,"Haut Medoc, Bordeaux",波爾多,France,法國,,
480,Crus Bourgeois,Red,紅酒,Chateau Capbern Gasqueton,,Chateau Capbern Gasqueton,,"St. Estephe, Bordeaux",波爾多,France,法國,,
481,Crus Bourgeois,Red,紅酒,Chateau Chantelys,,Chateau Chantelys,,"Medoc, Bordeaux",波爾多,France,法國,,
482,Crus Bourgeois,Red,紅酒,Chateau La Clare,,Chateau La Clare,,"Medoc, Bordeaux",波爾多,France,法國,,
483,Crus Bourgeois,Red,紅酒,Chateau La Commanderie,,Chateau La Commanderie,,"St. Estephe, Bordeaux",波爾多,France,法國,,
484,Crus Bourgeois,Red,紅酒,Chateau Le Coteau,,Chateau Le Coteau,,"Margaux, Bordeaux",波爾多,France,法國,,
485,Crus Bourgeois,Red,紅酒,Chateau Coutelin Merville,,Chateau Coutelin Merville,,"St. Estephe, Bordeaux",波爾多,France,法國,,
486,Crus Bourgeois,Red,紅酒,Chateau De la Croix,,Chateau De la Croix,,"Medoc, Bordeaux",波爾多,France,法國,,
487,Crus Bourgeois,Red,紅酒,Chateau Dasvin-Bel-Air,,Chateau Dasvin-Bel-Air,,"Haut Medoc, Bordeaux",波爾多,France,法國,,
488,Crus Bourgeois,Red,紅酒,Chateau David,,Chateau David,,"Medoc, Bordeaux",波爾多,France,法國,,
489,Crus Bourgeois,Red,紅酒,Chateau Devise d’Ardilley,,Chateau Devise d’Ardilley,,"Haut Medoc, Bordeaux",波爾多,France,法國,,
490,Crus Bourgeois,Red,紅酒,Chateau Deyrem Valentin,,Chateau Deyrem Valentin,,"Margaux, Bordeaux",波爾多,France,法國,,
491,Crus Bourgeois,Red,紅酒,Chateau Dillon,,Chateau Dillon,,"Haut Medoc, Bordeaux",波爾多,France,法國,,
492,Crus Bourgeois,Red,紅酒,Chateau Domeyne,,Chateau Domeyne,,"St. Estephe, Bordeaux",波爾多,France,法國,,
493,Crus Bourgeois,Red,紅酒,Chateau Donissan,,Chateau Donissan,,"Listrac, Bordeaux",波爾多,France,法國,,
494,Crus Bourgeois,Red,紅酒,Chateau Chateau Ducru Beaucaillou,,Chateau Ducluzeau,,"Listrac-Medoc, Bordeaux",波爾多,France,法國,,
495,Crus Bourgeois,Red,紅酒,Chateau Duplessis,,Chateau Duplessis,,"Moulis, Bordeaux",波爾多,France,法國,,
496,Crus Bourgeois,Red,紅酒,Chateau Duplessis Fabre,,Chateau Duplessis Fabre,,"Moulis, Bordeaux",波爾多,France,法國,,
497,Crus Bourgeois,Red,紅酒,Chateau Duthil Haut,,Chateau Duthil Haut,,"Haut Medoc, Bordeaux",波爾多,France,法國,,
498,Crus Bourgeois,Red,紅酒,Chateau L’Ermitage,,Chateau L’Ermitage,,"Listrac, Bordeaux",波爾多,France,法國,,
499,Crus Bourgeois,Red,紅酒,Chateau d’Escot,,Chateau d’Escot,,"Medoc, Bordeaux",波爾多,France,法國,,
500,Crus Bourgeois,Red,紅酒,Chateau La Fleur Milon,,Chateau La Fleur Milon,,"Pauillac, Bordeaux",波爾多,France,法國,,
501,Crus Bourgeois,Red,紅酒,Chateau La Fleur Peyrabon,,Chateau La Fleur Peyrabon,,"Pauillac, Bordeaux",波爾多,France,法國,,
502,Crus Bourgeois,Red,紅酒,Chateau La Fon du Berger,,Chateau La Fon du Berger,,"Haut Medoc, Bordeaux",波爾多,France,法國,,
503,Crus Bourgeois,Red,紅酒,Chateau Fontesteau,,Chateau Fontesteau,,"Haut Medoc, Bordeaux",波爾多,France,法國,,
504,Crus Bourgeois,Red,紅酒,Chateau Fontis,,Chateau Fontis,,"Medoc, Bordeaux",波爾多,France,法國,,
505,Crus Bourgeois,Red,紅酒,Chateau La Galiane,,Chateau La Galiane,,"Margaux, Bordeaux",波爾多,France,法國,,
506,Crus Bourgeois,Red,紅酒,Chateau de Gironville,,Chateau de Gironville,,"Haut Medoc, Bordeaux",波爾多,France,法國,,
507,Crus Bourgeois,Red,紅酒,Chateau La Gorce,,Chateau La Gorce,,"Medoc, Bordeaux",波爾多,France,法國,,
508,Crus Bourgeois,Red,紅酒,Chateau La Gorre,,Chateau La Gorre,,"Medoc, Bordeaux",波爾多,France,法國,,
509,Crus Bourgeois,Red,紅酒,Chateau Grand Clapeau Olivier,,Chateau Grand Clapeau Olivier,,"Haut Medoc, Bordeaux",波爾多,France,法國,,
510,Crus Bourgeois,Red,紅酒,Chateau Grandis,,Chateau Grandis,,"Haut Medoc, Bordeaux",波爾多,France,法國,,
511,Crus Bourgeois,Red,紅酒,Chateau Granins Grand Poujeaux,,Chateau Granins Grand Poujeaux,,"Moulis, Bordeaux",波爾多,France,法國,,
512,Crus Bourgeois,Red,紅酒,Chateau Griviere,,Chateau Griviere,,"Medoc, Bordeaux",波爾多,France,法國,,
513,Crus Bourgeois,Red,紅酒,Chateau Haut Beausejour,,Chateau Haut Beausejour,,"St. Estephe, Bordeaux",波爾多,France,法國,,
514,Crus Bourgeois,Red,紅酒,Chateau Haut-Bellevue,,Chateau Haut-Bellevue,,"Haut Medoc, Bordeaux",波爾多,France,法國,,
515,Crus Bourgeois,Red,紅酒,Chateau Haut Breton,,Chateau Haut Breton,,"Margaux, Bordeaux",波爾多,France,法國,,
516,Crus Bourgeois,Red,紅酒,Chateau Haut-Canteloup,,Chateau Haut-Canteloup,,"Medoc, Bordeaux",波爾多,France,法國,,
517,Crus Bourgeois,Red,紅酒,Chateau Haut-Madrac,,Chateau Haut-Madrac,,"Haut Medoc, Bordeaux",波爾多,France,法國,,
518,Crus Bourgeois,Red,紅酒,Chateau Haut-Maurac,,Chateau Haut-Maurac,,"Medoc, Bordeaux",波爾多,France,法國,,
519,Crus Bourgeois,Red,紅酒,Chateau Houissant,,Chateau Houissant,,"St. Estephe, Bordeaux",波爾多,France,法國,,
520,Crus Bourgeois,Red,紅酒,Chateau Hourbanon,,Chateau Hourbanon,,"Medoc, Bordeaux",波爾多,France,法國,,
521,Crus Bourgeois,Red,紅酒,Chateau Hourtin-Ducasse,,Chateau Hourtin-Ducasse,,"Haut Medoc, Bordeaux",波爾多,France,法國,,
522,Crus Bourgeois,Red,紅酒,Chateau Labadie,,Chateau Labadie,,"Medoc, Bordeaux",波爾多,France,法國,,
523,Crus Bourgeois,Red,紅酒,Chateau Ladouys,,Chateau Ladouys,,"St. Estephe, Bordeaux",波爾多,France,法國,,
524,Crus Bourgeois,Red,紅酒,Chateau Laffitte Carcasset,,Chateau Laffitte Carcasset,,"St. Estephe, Bordeaux",波爾多,France,法國,,
525,Crus Bourgeois,Red,紅酒,Chateau Laffitte Laujac,,Chateau Laffitte Laujac,,"Medoc, Bordeaux",波爾多,France,法國,,
526,Crus Bourgeois,Red,紅酒,Chateau Lafon,,Chateau Lafon,,"Medoc, Bordeaux",波爾多,France,法國,,
527,Crus Bourgeois,Red,紅酒,Chateau Lalande,,Chateau Lalande,,"Listrac, Bordeaux",波爾多,France,法國,,
528,Crus Bourgeois,Red,紅酒,Chateau Lalande,,Chateau Lalande,,"St. Julien, Bordeaux",波爾多,France,法國,,
529,Crus Bourgeois,Red,紅酒,Chateau Lamothe-Cissac,,Chateau Lamothe-Cissac,,"Haut Medoc, Bordeaux",波爾多,France,法國,,
530,Crus Bourgeois,Red,紅酒,Chateau Larose Perganson,,Chateau Larose Perganson,,"Haut Medoc, Bordeaux",波爾多,France,法國,,
531,Crus Bourgeois,Red,紅酒,Chateau Larrivaux,,Chateau Larrivaux,,"Haut Medoc, Bordeaux",波爾多,France,法國,,
532,Crus Bourgeois,Red,紅酒,Chateau Larruau,,Chateau Larruau,,"Margaux, Bordeaux",波爾多,France,法國,,
533,Crus Bourgeois,Red,紅酒,Chateau Laujac,,Chateau Laujac,,"Medoc, Bordeaux",波爾多,France,法國,,
534,Crus Bourgeois,Red,紅酒,Chateau La Lauzette-Declercq,,Chateau La Lauzette-Declercq,,"Listrac, Bordeaux",波爾多,France,法國,,
535,Crus Bourgeois,Red,紅酒,Chateau Leyssac,,Chateau Leyssac,,"St. Estephe, Bordeaux",波爾多,France,法國,,
536,Crus Bourgeois,Red,紅酒,Chateau Lieujean,,Chateau Lieujean,,"Haut Medoc, Bordeaux",波爾多,France,法國,,
537,Crus Bourgeois,Red,紅酒,Chateau Liouner,,Chateau Liouner,,"Listrac, Bordeaux",波爾多,France,法國,,
538,Crus Bourgeois,Red,紅酒,Chateau Lousteauneuf,,Chateau Lousteauneuf,,"Medoc, Bordeaux",波爾多,France,法國,,
539,Crus Bourgeois,Red,紅酒,Chateau Magnol,,Chateau Magnol,,"Haut Medoc, Bordeaux",波爾多,France,法國,,
540,Crus Bourgeois,Red,紅酒,Chateau de Marbuzet,,Chateau de Marbuzet,,"St. Estephe, Bordeaux",波爾多,France,法國,,
541,Crus Bourgeois,Red,紅酒,Chateau Marsac Seguineau,,Chateau Marsac Seguineau,,"Margaux, Bordeaux",波爾多,France,法國,,
542,Crus Bourgeois,Red,紅酒,Chateau Martinens,,Chateau Martinens,,"Margaux, Bordeaux",波爾多,France,法國,,
543,Crus Bourgeois,Red,紅酒,Chateau Maurac,,Chateau Maurac,,"Haut Medoc, Bordeaux",波爾多,France,法國,,
544,Crus Bourgeois,Red,紅酒,Chateau Mazails,,Chateau Mazails,,"Medoc, Bordeaux",波爾多,France,法國,,
545,Crus Bourgeois,Red,紅酒,Chateau Le Meynieu,,Chateau Le Meynieu,,"Haut Medoc, Bordeaux",波爾多,France,法國,,
546,Crus Bourgeois,Red,紅酒,Chateau Meyre,,Chateau Meyre,,"Haut Medoc, Bordeaux",波爾多,France,法國,,
547,Crus Bourgeois,Red,紅酒,Chateau Les Moines,,Chateau Les Moines,,"Medoc, Bordeaux",波爾多,France,法國,,
548,Crus Bourgeois,Red,紅酒,Chateau Mongravey,,Chateau Mongravey,,"Margaux, Bordeaux",波爾多,France,法國,,
549,Crus Bourgeois,Red,紅酒,Chateau Le Monteil d’Arsac,,Chateau Le Monteil d’Arsac,,"Haut Medoc, Bordeaux",波爾多,France,法國,,
550,Crus Bourgeois,Red,紅酒,Chateau Morin,,Chateau Morin,,"St. Estephe, Bordeaux",波爾多,France,法國,,
551,Crus Bourgeois,Red,紅酒,Chateau du Moulin Rouge,,Chateau du Moulin Rouge,,"Haut Medoc, Bordeaux",波爾多,France,法國,,
552,Crus Bourgeois,Red,紅酒,Chateau La Mouline,,Chateau La Mouline,,"Moulis, Bordeaux",波爾多,France,法國,,
553,Crus Bourgeois,Red,紅酒,Chateau Muret,,Chateau Muret,,"Haut Medoc, Bordeaux",波爾多,France,法國,,
554,Crus Bourgeois,Red,紅酒,Chateau Noaillac,,Chateau Noaillac,,"Medoc, Bordeaux",波爾多,France,法國,,
555,Crus Bourgeois,Red,紅酒,Chateau du Chareau Perier,,Chateau du Chareau Perier,,"Medoc, Bordeaux",波爾多,France,法國,,
556,Crus Bourgeois,Red,紅酒,Chateau Le Pey,,Chateau Le Pey,,"Medoc, Bordeaux",波爾多,France,法國,,
557,Crus Bourgeois,Red,紅酒,Chateau Peyrabon,,Chateau Peyrabon,,"Haut Medoc, Bordeaux",波爾多,France,法國,,
558,Crus Bourgeois,Red,紅酒,Chateau Peyredon Lagravette,,Chateau Peyredon Lagravette,,"Listrac, Bordeaux",波爾多,France,法國,,
559,Crus Bourgeois,Red,紅酒,Chateau Peyre-Lebade,,Chateau Peyre-Lebade,,"Listrac, Bordeaux",波爾多,France,法國,,
560,Crus Bourgeois,Red,紅酒,Chateau Picard,,Chateau Picard,,"St. Estephe, Bordeaux",波爾多,France,法國,,
561,Crus Bourgeois,Red,紅酒,Chateau Plantey,,Chateau Plantey,,"Pauillac, Bordeaux",波爾多,France,法國,,
562,Crus Bourgeois,Red,紅酒,Chateau Poitevin,,Chateau Poitevin,,"Medoc, Bordeaux",波爾多,France,法國,,
563,Crus Bourgeois,Red,紅酒,Chateau Pomys,,Chateau Pomys,,"St. Estephe, Bordeaux",波爾多,France,法國,,
564,Crus Bourgeois,Red,紅酒,Chateau Pontac Lynch,,Chateau Pontac Lynch,,"Margaux, Bordeaux",波爾多,France,法國,,
565,Crus Bourgeois,Red,紅酒,Chateau Pontey,,Chateau Pontey,,"Medoc, Bordeaux",波爾多,France,法國,,
566,Crus Bourgeois,Red,紅酒,Chateau Pontoise Cabarrus,,Chateau Pontoise Cabarrus,,"Haut Medoc, Bordeaux",波爾多,France,法國,,
567,Crus Bourgeois,Red,紅酒,Chateau Puy Castera,,Chateau Puy Castera,,"Haut Medoc, Bordeaux",波爾多,France,法國,,
568,Crus Bourgeois,Red,紅酒,Chateau Ramafort,,Chateau Ramafort,,"Medoc, Bordeaux",波爾多,France,法國,,
569,Crus Bourgeois,Red,紅酒,Chateau du Raux,,Chateau du Raux,,"Haut Medoc, Bordeaux",波爾多,France,法國,,
570,Crus Bourgeois,Red,紅酒,Chateau La Raze Beauvallet,,Chateau La Raze Beauvallet,,"Medoc, Bordeaux",波爾多,France,法國,,
571,Crus Bourgeois,Red,紅酒,Chateau du Retout,,Chateau du Retout,,"Haut Medoc, Bordeaux",波爾多,France,法國,,
572,Crus Bourgeois,Red,紅酒,Chateau Reverdi,,Chateau Reverdi,,"Listrac, Bordeaux",波爾多,France,法國,,
573,Crus Bourgeois,Red,紅酒,Chateau Roquegrave,,Chateau Roquegrave,,"Medoc, Bordeaux",波爾多,France,法國,,
574,Crus Bourgeois,Red,紅酒,Chateau Saint-Ahon,,Chateau Saint-Ahon,,"Haut Medoc, Bordeaux",波爾多,France,法國,,
575,Crus Bourgeois,Red,紅酒,Chateau Saint-Aubin,,Chateau Saint-Aubin,,"Medoc, Bordeaux",波爾多,France,法國,,
576,Crus Bourgeois,Red,紅酒,Chateau Saint-Christophe,,Chateau Saint-Christophe,,"Medoc, Bordeaux",波爾多,France,法國,,
577,Crus Bourgeois,Red,紅酒,Chateau Saint-Estephe,,Chateau Saint-Estephe,,"St. Estephe, Bordeaux",波爾多,France,法國,,
578,Crus Bourgeois,Red,紅酒,Chateau Saint-Hilaire,,Chateau Saint-Hilaire,,"Medoc, Bordeaux",波爾多,France,法國,,
579,Crus Bourgeois,Red,紅酒,Chateau Saint Paul,,Chateau Saint Paul,,"Haut Medoc, Bordeaux",波爾多,France,法國,,
580,Crus Bourgeois,Red,紅酒,Chateau Segue Longue,,Chateau Segue Longue,,"Medoc, Bordeaux",波爾多,France,法國,,
581,Crus Bourgeois,Red,紅酒,Chateau Segur de Cabanac,,Chateau Segur de Cabanac,,"St. Estephe, Bordeaux",波爾多,France,法國,,
582,Crus Bourgeois,Red,紅酒,Chateau Semeillan Mazeau,,Chateau Semeillan Mazeau,,"Listrac, Bordeaux",波爾多,France,法國,,
583,Crus Bourgeois,Red,紅酒,Chateau Senilhac,,Chateau Senilhac,,"Haut Medoc, Bordeaux",波爾多,France,法國,,
584,Crus Bourgeois,Red,紅酒,Chateau Sipian,,Chateau Sipian,,"Medoc, Bordeaux",波爾多,France,法國,,
585,Crus Bourgeois,Red,紅酒,Chateau Tayac,,Chateau Tayac,,"Margaux, Bordeaux",波爾多,France,法國,,
586,Crus Bourgeois,Red,紅酒,Chateau Le Temple,,Chateau Le Temple,,"Medoc, Bordeaux",波爾多,France,法國,,
587,Crus Bourgeois,Red,紅酒,Chateau Teynac,,Chateau Teynac,,"St. Julien, Bordeaux",波爾多,France,法國,,
588,Crus Bourgeois,Red,紅酒,Chateau La Tonnelle,,Chateau La Tonnelle,,"Haut Medoc, Bordeaux",波爾多,France,法國,,
589,Crus Bourgeois,Red,紅酒,Chateau Tour Blanche,,Chateau Tour Blanche,,"Medoc, Bordeaux",波爾多,France,法國,,
590,Crus Bourgeois,Red,紅酒,Chateau La Tour de Bessan,,Chateau La Tour de Bessan,,"Margaux, Bordeaux",波爾多,France,法國,,
591,Crus Bourgeois,Red,紅酒,Chateau Tour des Termes,,Chateau Tour des Termes,,"St. Estephe, Bordeaux",波爾多,France,法國,,
592,Crus Bourgeois,Red,紅酒,Chateau Tour-du-Roc,,Chateau Tour-du-Roc,,"Haut Medoc, Bordeaux",波爾多,France,法國,,
593,Crus Bourgeois,Red,紅酒,Chateau Tour Prignac,,Chateau Tour Prignac,,"Medoc, Bordeaux",波爾多,France,法國,,
594,Crus Bourgeois,Red,紅酒,Chateau Tour Saint-Bonnet,,Chateau Tour Saint-Bonnet,,"Medoc, Bordeaux",波爾多,France,法國,,
595,Crus Bourgeois,Red,紅酒,Chateau Tour Saint-Fort,,Chateau Tour Saint-Fort,,"St. Estephe, Bordeaux",波爾多,France,法國,,
596,Crus Bourgeois,Red,紅酒,Chateau Tour Saint-Joseph,,Chateau Tour Saint-Joseph,,"Haut Medoc, Bordeaux",波爾多,France,法國,,
597,Crus Bourgeois,Red,紅酒,Chateau Trois Moulins,,Chateau Trois Moulins,,"Haut Medoc, Bordeaux",波爾多,France,法國,,
598,Crus Bourgeois,Red,紅酒,Chateau Les Tuileries,,Chateau Les Tuileries,,"Medoc, Bordeaux",波爾多,France,法國,,
599,Crus Bourgeois,Red,紅酒,Chateau Vernous,,Chateau Vernous,,"Medoc, Bordeaux",波爾多,France,法國,,
600,Crus Bourgeois,Red,紅酒,Chateau Vieux Landon,,Chateau Vieux Landon,,"Medoc, Bordeaux",波爾多,France,法國,,
601,Crus Bourgeois,Red,紅酒,Chateau de Villambis,,Chateau de Villambis,,"Medoc, Bordeaux",波爾多,France,法國,,
602,,Red,紅酒,Chateau Mont Perat,,Chateau Mont Perat,,Bordeaux,波爾多,France,法國,,
603,,Red,紅酒,Chateau Fontenil,,Chateau Fontenil,,Bordeaux,波爾多,France,法國,,
604,,Red,紅酒,Clos Les Lunelles,,Clos Les Lunelles,,Bordeaux,波爾多,France,法國,,
605,,Red,紅酒,Chateau Monlandrie,,Chateau Monlandrie,,Bordeaux,波爾多,France,法國,,
606,,Red,紅酒,Domaine de la Romanee Conti,罗曼尼康帝,DRC Romanee Conti,,"Vosne-Romanee, Burgundy",勃艮第,France,法國,,
607,,Red,紅酒,Domaine de la Romanee Conti,罗曼尼康帝,DRC Echezeaux,,"Vosne-Romanee, Burgundy",勃艮第,France,法國,,
608,,Red,紅酒,Domaine de la Romanee Conti,罗曼尼康帝,DRC Grand Echexeaux,,"Vosne-Romanee, Burgundy",勃艮第,France,法國,,
609,,Red,紅酒,Domaine de la Romanee Conti,罗曼尼康帝,DRC Corton,,"Vosne-Romanee, Burgundy",勃艮第,France,法國,,
610,,Red,紅酒,Domaine de la Romanee Conti,罗曼尼康帝,DRC La Tache,,"Vosne-Romanee, Burgundy",勃艮第,France,法國,,
611,,White,白酒,Domaine de la Romanee Conti,罗曼尼康帝,DRC Montrachet,,"Puligny-Chassagne, Burgundy",勃艮第,France,法國,,
612,,Red,紅酒,Domaine de la Romanee Conti,罗曼尼康帝,DRC Richebourg,,"Vosne-Romanee, Burgundy",勃艮第,France,法國,,
613,,Red,紅酒,Domaine de la Romanee Conti,罗曼尼康帝,DRC Romanee St. Vivant,,"Vosne-Romanee, Burgundy",勃艮第,France,法國,,
614,,White,白酒,Domaine Bonneau du Martray,,Domaine Bonneau du Martray Corton-Charlemagne,,Burgundy,勃艮第,France,法國,,
615,,Champagne,香檳,Armand de Brignac,,Armand de Brignac Brut,,Champagne,香檳,France,法國,,
616,,Champagne,香檳,Armand de Brignac,,Armand de Brignac Rose,,Champagne,香檳,France,法國,,
617,,Champagne,香檳,Billecart Salmon,,Billecart Salmon,,Champagne,香檳,France,法國,,
618,,Champagne,香檳,Billecart Salmon,,Billecart Salmon Rose,,Champagne,香檳,France,法國,,
619,,Champagne,香檳,Louis Roederer,,Cristal,,Champagne,香檳,France,法國,,
620,,Champagne,香檳,Dom Perignon,,Dom Perignon,,Champagne,香檳,France,法國,,
621,,Champagne,香檳,Dom Perignon,,Dom Perignon Oenotheque,,Champagne,香檳,France,法國,,
622,,Champagne,香檳,Mumm,,Mumm Brut,,Champagne,香檳,France,法國,,
623,,Champagne,香檳,Mumm,,Mumm Cordon Rouge,,Champagne,香檳,France,法國,,
624,,Champagne,香檳,Perrier Jouet,,Perrier Jouet,,Champagne,香檳,France,法國,,
625,,Champagne,香檳,Perrier Jouet,,Perrier Jouet Belle Epoque,,Champagne,香檳,France,法國,,
626,,Champagne,香檳,Perrier Jouet,,Perrier Jouet Blason Rose,,Champagne,香檳,France,法國,,
627,,Champagne,香檳,Piper Heidsieck,,"Piper Heidsieck ""Rare""",,Champagne,香檳,France,法國,,
628,,Champagne,香檳,Taittinger,,Taittinger Comtes de Champagne,,Champagne,香檳,France,法國,,
629,,Red,紅酒,Domaine du Pegau,,Domaine du Pegau Chateauneuf-du-Pape Cuvee da Capo,,"Chateauneuf-du-Pape, Southern Rhone",,France,法國,,
630,,White,白酒,M. Chapoutier,,Chapoutier Hermitage Blanc,,Northern Rhone,,France,法國,,
631,,Red,紅酒,E. Guigal,,E. Guigal La Doriane,,"Condrieu, Northern Rhone",,France,法國,,
632,,Red,紅酒,E. Guigal,,E. Guigal La Landonne,,"Cote Rotie, Northern Rhone",,France,法國,,
633,,Red,紅酒,E. Guigal,,E. Guigal La Mouline,,"Cote Rotie, Northern Rhone",,France,法國,,
634,,Red,紅酒,E. Guigal,,E. Guigal La Turque,,"Cote Rotie, Northern Rhone",,France,法國,,
635,,Red,紅酒,E. Guigal,,"E. Guigal Cote-Rotie ""Brune & Blonde de Guigal""",,"Cote Rotie, Northern Rhone",,France,法國,,
636,,Red,紅酒,Paul Jaboulet Aine,,Paul Jaboulet Aine Hermitage La Chapelle,,"Hermitage, Northern Rhone",,France,法國,,
637,,Red,紅酒,Paul Jaboulet Aine,,Paul Jaboulet Aine La Petite Chapelle,,"Hermitage, Northern Rhone",,France,法國,,
638,,Red,紅酒,Chateau de Beaucastel,,Chateau de Beaucastel Hommage a Jacques Perrin,,"Chateauneuf-du-Pape, Southern Rhone",,France,法國,,
639,,Red,紅酒,Chateau de Beaucastel,,Chateau de Beaucastel Cotes du Rhone Coudoulet Rouge,,Southern Rhone,,France,法國,,
640,,White,白酒,Chateau de Beaucastel,,Chateau de Beaucastel Cotes du Rhone Coudoulet Blanc,,Southern Rhone,,France,法國,,
641,,Red,紅酒,Chateau de Beaucastel,,Chateau de Beaucastel Chateauneuf-du-Pape Rouge,,Southern Rhone,,France,法國,,
642,,White,白酒,Chateau de Beaucastel,,Chateau de Beaucastel Chateauneuf-du-Pape Blanc,,Southern Rhone,,France,法國,,
643,,White,白酒,Chateau de Beaucastel,,Chateau de Beaucastel Chateauneuf-du-Pape Blanc Roussane Vieilles Vignes,,Southern Rhone,,France,法國,,
644,,Red,紅酒,Domaine du Clos Saint Jean,,Domaine du Clos Saint Jean Chateauneuf-du-Pape La Combe des Fous,,Southern Rhone,,France,法國,,
645,,Red,紅酒,Domaine de la Janasse,,Domaine de la Janasse Cuvee Vieilles Vignes,,Southern Rhone,,France,法國,,
646,,Red,紅酒,Rolf Binder,,Rolf Binder Veritas Winery Hanisch Shiraz,,Barossa,巴羅薩,Australia,澳洲,,
647,,Red,紅酒,Rolf Binder,,Rolf Binder Veritas Winery Haysen Shiraz,,Barossa,巴羅薩,Australia,澳洲,,
648,,Red,紅酒,Greenock Creek,,Greenock Creek Roennfeldt Road Shiraz,,Barossa,巴羅薩,Australia,澳洲,,
649,,Red,紅酒,Greenock Creek,,Greenock Creek Roennfeldt Road Cabernet Sauvignon,,Barossa,巴羅薩,Australia,澳洲,,
650,,Red,紅酒,Sena,,Sena,,Aconcagua,阿空加瓜,Chile,智利,,
651,,Red,紅酒,Almaviva,,Almaviva,,Puente Alto,上普恩特,Chile,智利,,
652,,Red,紅酒,Lapostolle,,Clos Apalta,,Colchagua,空加瓜谷,Chile,智利,,
653,,Red,紅酒,Gaja,,Gaja Barbaresco,,Piedmont,皮埃蒙特,Italy,意大利,,
654,,Red,紅酒,Gaja,,Gaia Conteisa,,Piedmont,皮埃蒙特,Italy,意大利,,
655,,Red,紅酒,Gaja,,Gaja Sperss,,Piedmont,皮埃蒙特,Italy,意大利,,
656,,Red,紅酒,Marchesi Antinori,,Tenuta Guado al Tasso,,Tuscany,托斯卡納,Italy,意大利,,
657,,Red,紅酒,Marchesi Antinori,,Tignanello,,Tuscany,托斯卡納,Italy,意大利,,
658,,Red,紅酒,Marchesi Antinori,,Solaia,,Tuscany,托斯卡納,Italy,意大利,,
659,,Red,紅酒,Marchesi Antinori,,Marchese Antinori Chianti Classico,,Tuscany,托斯卡納,Italy,意大利,,
660,,Red,紅酒,Tenuta dell'Ornellaia,,Tenuta dell'Ornellaia,,Tuscany,托斯卡納,Italy,意大利,,
661,,White,白酒,Tenuta dell'Ornellaia,,Tenuta dell'Ornellaia Bianco,,Tuscany,托斯卡納,Italy,意大利,,
662,,Red,紅酒,Tenuta dell'Ornellaia,,Le Volte dell'Ornellaia,,Tuscany,托斯卡納,Italy,意大利,,
663,,Red,紅酒,Tenuta dell'Ornellaia,,Le Serre Nuove dell'Ornellaia,,Tuscany,托斯卡納,Italy,意大利,,
664,,Red,紅酒,Tenuta dell'Ornellaia,,Poggio alle Gazze dell'Ornellaia,,Tuscany,托斯卡納,Italy,意大利,,
665,,Red,紅酒,Tenuta dell'Ornellaia,,Variazioni in Rosso dell'Ornellaia,,Tuscany,托斯卡納,Italy,意大利,,
666,,Sweet,甜酒,Tenuta dell'Ornellaia,,Ornus dell'Ornellaia,,Tuscany,托斯卡納,Italy,意大利,,
667,,Red,紅酒,Tenuta dell'Ornellaia,,Masseto,,Tuscany,托斯卡納,Italy,意大利,,
668,,Red,紅酒,Tenuta San Guido,,Sassicaia,,Tuscany,托斯卡納,Italy,意大利,,
669,,Red,紅酒,Tenuta San Guido,,Tenuta San Guido Guidalberto,,Tuscany,托斯卡納,Italy,意大利,,
670,,Red,紅酒,Tenuta San Guido,,Tenuta San Guido Le Difese,,Tuscany,托斯卡納,Italy,意大利,,
671,,Red,紅酒,Vega Sicilia,,Vega Sicilia Alion,,Ribera del Duero,鬥羅河,Spain,西班牙,,
672,,Red,紅酒,Vega Sicilia,,Vega Sicilia Macan,,Ribera del Duero,鬥羅河,Spain,西班牙,,
673,,Red,紅酒,Vega Sicilia,,Vega Sicilia Macan Clasico,,Ribera del Duero,鬥羅河,Spain,西班牙,,
674,,Red,紅酒,Vega Sicilia,,Vega Sicilia Pintia,,Ribera del Duero,鬥羅河,Spain,西班牙,,
675,,Red,紅酒,Vega Sicilia,,Vega Sicilia Unico,,Ribera del Duero,鬥羅河,Spain,西班牙,,
676,,Red,紅酒,Vega Sicilia,,Vega Sicilia Unico Reserva Especial,,Ribera del Duero,鬥羅河,Spain,西班牙,,
677,,Red,紅酒,Vega Sicilia,,Vega Sicilia Valbuena,,Ribera del Duero,鬥羅河,Spain,西班牙,,
678,,Red,紅酒,Dominio de Pingus,,Dominio de Pingus,,Ribera del Duero,鬥羅河,Spain,西班牙,,
679,,Red,紅酒,Dominio de Pingus,,Flor de Pingus,,Ribera del Duero,鬥羅河,Spain,西班牙,,
680,,Red,紅酒,Dominio de Pingus,,Amelia,,Ribera del Duero,鬥羅河,Spain,西班牙,,
681,,White,白酒,Vega Sicilia,,Tokaj-Oremus Oremus Mandolas,,Tokaj,託卡伊,Hungary,匈牙利,,
682,,Sweet,甜酒,Vega Sicilia,,Tokaj-Oremus Oremus Vendimia Tardia,,Tokaj,託卡伊,Hungary,匈牙利,,
683,,Sweet,甜酒,Vega Sicilia,,Tokaj-Oremus Oremus Aszu,,Tokaj,託卡伊,Hungary,匈牙利,,
684,,Sweet,甜酒,Vega Sicilia,,Tokaj-Oremus Oremus Eszencia,,Tokaj,託卡伊,Hungary,匈牙利,,
685,,Red,紅酒,Abreu Vineyards,,"Abreu Vineyards Cabernet Sauvignon, Madrona Ranch",,California,加州,USA,美國,,
686,,Red,紅酒,Araujo Estate,,"Araujo Estate Wines Cabernet Sauvignon, Eisele Vineyard",,California,加州,USA,美國,,
687,,Red,紅酒,Araujo Estate,,"Araujo Estate Wines Red Wine, Altagracia",,California,加州,USA,美國,,
688,,Red,紅酒,Araujo Estate,,"Araujo Estate Wines Syrah, Altagracia",,California,加州,USA,美國,,
689,,Red,紅酒,Arietta Winery,,Arietta Winery Cabernet Sauvignon,,California,加州,USA,美國,,
690,,White,白酒,Arietta Winery,,"Arietta White Wine On The White Keys, Artists' Reserve",,California,加州,USA,美國,,
691,,Red,紅酒,Arietta Winery,,Arietta Winery Red Wine Quartet,,California,加州,USA,美國,,
692,,Red,紅酒,Arietta Winery,,Arietta Merlot Hudson Vineyards,,California,加州,USA,美國,,
693,,Red,紅酒,Arietta Winery,,Arietta Cabernet Sauvignon,,California,加州,USA,美國,,
694,,Red,紅酒,Arietta Winery,,Arietta Red Wine H Block Hudson Vineyards,,California,加州,USA,美國,,
695,,Red,紅酒,Arietta Winery,,Arietta Red Wine Variation One,,California,加州,USA,美國,,
696,,Red,紅酒,Arietta Winery,,"Arietta Winery Red Wine, Variation One",,California,加州,USA,美國,,
697,,White,白酒,Aubert Wines,,"Aubert Wines Chardonnay, CIX Vineyard",,California,加州,USA,美國,,
698,,White,白酒,Aubert Wines,,"Aubert Wines Chardonnay, Carneros",,California,加州,USA,美國,,
699,,White,白酒,Aubert Wines,,"Aubert Wines Chardonnay, Larry Hyde & Sons Vineyard",,California,加州,USA,美國,,
700,,White,白酒,Aubert Wines,,"Aubert Wines Chardonnay, Eastside Vineyard",,California,加州,USA,美國,,
701,,Red,紅酒,Aubert Wines,,"Aubert Wines Pinot Noir, UV Vineyard",,California,加州,USA,美國,,
702,,Red,紅酒,Aubert Wines,,"Aubert Wines Pinot Noir, UV-SL Vineyard",,California,加州,USA,美國,,
703,,Red,紅酒,Aubert Wines,,"Aubert Wines Red Wine, Lucia Abreu Vineyard",,California,加州,USA,美國,,
704,,Red,紅酒,Beringer Vineyards,,"Beringer Vineyards Cabernet Sauvignon, Knights Valley",,California,加州,USA,美國,,
705,,Red,紅酒,Beringer Vineyards,,"Beringer Vineyards Cabernet Sauvignon, Chabot Vineyard",,California,加州,USA,美國,,
706,,Red,紅酒,Beringer Vineyards,,"Beringer Vineyards Cabernet Sauvignon, Lemmon-Chabot Vineyard",,California,加州,USA,美國,,
707,,Red,紅酒,Beringer Vineyards,,"Beringer Vineyards Cabernet Sauvignon, Private Reserve",,California,加州,USA,美國,,
708,,Red,紅酒,Bond Winery,,"Bond Winery Red Wine, Matriarch",,California,加州,USA,美國,,
709,,Red,紅酒,Bond Winery,,"Bond Winery Red Wine, Melbury",,California,加州,USA,美國,,
710,,Red,紅酒,Bond Winery,,"Bond Winery Red Wine, Pluribus",,California,加州,USA,美國,,
711,,Red,紅酒,Bond Winery,,"Bond Winery Red Wine, Quella",,California,加州,USA,美國,,
712,,Red,紅酒,Bond Winery,,"Bond Winery Red Wine, St. Eden",,California,加州,USA,美國,,
713,,White,白酒,Calera Wine Co.,,"Calera Wine Co. Chardonnay, Mount Harlan",,California,加州,USA,美國,,
714,,Red,紅酒,Calera Wine Co.,,"Calera Wine Co. Pinot Noir, Central Coast",,California,加州,USA,美國,,
715,,Red,紅酒,Calera Wine Co.,,"Calera Wine Co. Pinot Noir, Mills",,California,加州,USA,美國,,
716,,Red,紅酒,Cakebread Cellars,,"Cakebread Cellars Cabernet Sauvignon, Benchland Select",,California,加州,USA,美國,,
717,,Red,紅酒,Cakebread Cellars,,"Cakebread Cellars Cabernet Sauvignon, Vine Hill Ranch",,California,加州,USA,美國,,
718,,Red,紅酒,Opus One,,Opus One,,Napa,納帕,USA,美國,,
719,,Red,紅酒,Opus One,,Overture,,Napa,納帕,USA,美國,,
720,,Red,紅酒,Ridge,,Ridge Monte Bello,,Cupertino,庫比蒂諾,USA,美國,,
721,,Red,紅酒,Dominus,,Dominus,,Napa,納帕,USA,美國,,
722,,Red,紅酒,L'Aventure Winery,,L'Aventure Estate Cuvee,,Paso Robles,帕索羅布,USA,美國,,
723,,Red,紅酒,L'Aventure Winery,,L'Aventure Optimus,,Paso Robles,帕索羅布,USA,美國,,
724,,Red,紅酒,L'Aventure Winery,,L'Aventure Estate Cabernet,,Paso Robles,帕索羅布,USA,美國,,
725,,Red,紅酒,L'Aventure Winery,,L'Aventure Cote a Cote,,Paso Robles,帕索羅布,USA,美國,,
