,Wine,Vintage,Format,Region,Cost,Qty,Negoce
0,CH. PONTET CANET,2013,1200cl,Bordeaux,1150.0,0,Dubos
1,CH. LEOVILLE BARTON,2013,1200cl,Bordeaux,830.0,0,Dubos
2,CH. FIGEAC,2013,1200cl,Bordeaux,1100.0,0,Dubos
3,CH. SMITH HAUT LAFITTE,2013,1200cl,Bordeaux,768.0,0,Dubos
4,CH. DUHART MILON ROTHSCHILD,1993,300cl,Bordeaux,225.0,0,Dubos
5,CH. FIGEAC,1993,300cl,Bordeaux,425.0,0,Dubos
6,CH. TALBOT,1995,300cl,Bordeaux,450.0,0,Dubos
7,CH. CALON SEGUR,1996,300cl,Bordeaux,375.0,0,Dubos
8,CH. DUHART MILON ROTHSCHILD,1997,300cl,Bordeaux,235.0,0,Dubos
9,CH. DUHART MILON ROTHSCHILD,2001,300cl,Bordeaux,378.0,0,Dubos
10,CH. MOUTON ROTHSCHILD,2004,300cl,Bordeaux,1800.0,0,Dubos
11,CH. LAFITE ROTHSCHILD,2005,300cl,Bordeaux,3750.0,0,Dubos
12,CH. LAFITE ROTHSCHILD,2006,300cl,Bordeaux,2950.0,0,Dubos
13,CH. LE GAY,2008,300cl,Bordeaux,335.0,0,Dubos
14,CH. COS D'ESTOURNEL,2009,300cl,Bordeaux,1450.0,0,Dubos
15,CH. LAFITE ROTHSCHILD,2010,300cl,Bordeaux,4300.0,0,Dubos
16,CH. MOUTON ROTHSCHILD,2010,300cl,Bordeaux,2780.0,0,Dubos
17,CH. LEOVILLE LAS CASES,2010,300cl,Bordeaux,850.0,0,Dubos
18,CH. MARGAUX,2010,300cl,Bordeaux,2900.0,0,Dubos
19,CH. HAUT BRION,2010,300cl,Bordeaux,2950.0,0,Dubos
20,CH. LAFITE ROTHSCHILD,2012,300cl,Bordeaux,1750.0,0,Dubos
21,CH. MOUTON ROTHSCHILD,2012,300cl,Bordeaux,1550.0,0,Dubos
22,CH. PONTET CANET,2012,300cl,Bordeaux,295.0,0,Dubos
23,CH. DUCRU BEAUCAILLOU,2012,300cl,Bordeaux,380.0,0,Dubos
24,CH. LEOVILLE POYFERRE,2012,300cl,Bordeaux,230.0,0,Dubos
25,LE BARON DE BRANE,2012,300cl,Bordeaux,105.0,0,Dubos
26,CH. PHELAN SEGUR,2013,300cl,Bordeaux,105.0,0,Dubos
27,CH. MOUTON ROTHSCHILD,2013,300cl,Bordeaux,1295.0,0,Dubos
28,CH. RAUZAN SEGLA,2013,300cl,Bordeaux,160.0,0,Dubos
29,CH. FIGEAC,2013,300cl,Bordeaux,268.0,0,Dubos
30,CH. GUADET SAINT JULIEN,1997,37.5cl,Bordeaux,8.95,0,Dubos
31,CH. D'YQUEM,2001,37.5cl,Bordeaux,275.0,0,Dubos
32,CH. CLOS HAUT PEYRAGUEY,2003,37.5cl,Bordeaux,14.5,0,Dubos
33,CH. DE LAMARQUE,2006,37.5cl,Bordeaux,5.2,0,Dubos
34,CH. COUTET,2006,37.5cl,Bordeaux,13.5,0,Dubos
35,CH. RIEUSSEC,2006,37.5cl,Bordeaux,18.5,0,Dubos
36,LES FORTS DE LATOUR,2007,37.5cl,Bordeaux,72.0,0,Dubos
37,CH. LAFITE ROTHSCHILD,2007,37.5cl,Bordeaux,325.0,0,Dubos
38,CH. DE LAMARQUE,2007,37.5cl,Bordeaux,4.95,0,Dubos
39,LES ALLEES DE CANTEMERLE,2009,37.5cl,Bordeaux,6.0,0,Dubos
40,CH. DE LAMARQUE,2009,37.5cl,Bordeaux,6.25,0,Dubos
41,CH. CLIMENS,2009,37.5cl,Bordeaux,37.9,0,Dubos
42,L'EXTRAVAGANT DE DOISY DAENE,2009,37.5cl,Bordeaux,145.0,0,Dubos
43,CH. GUIRAUD,2009,37.5cl,Bordeaux,21.0,0,Dubos
44,LES PAGODES DE COS,2010,37.5cl,Bordeaux,21.8,0,Dubos
45,CH. LANGOA BARTON,2010,37.5cl,Bordeaux,25.0,0,Dubos
46,CH. LEOVILLE LAS CASES,2010,37.5cl,Bordeaux,98.0,0,Dubos
47,CH. PRIEURE LICHINE,2010,37.5cl,Bordeaux,21.0,0,Dubos
48,LES ALLEES DE CANTEMERLE,2010,37.5cl,Bordeaux,6.0,0,Dubos
49,CH. CLIMENS,2010,37.5cl,Bordeaux,38.0,0,Dubos
50,L'EXTRAVAGANT DE DOISY DAENE,2010,37.5cl,Bordeaux,145.0,0,Dubos
51,CH. LAFAURIE PEYRAGUEY,2010,37.5cl,Bordeaux,18.0,0,Dubos
52,CH. RIEUSSEC,2010,37.5cl,Bordeaux,24.0,0,Dubos
53,CH. D'YQUEM,2010,37.5cl,Bordeaux,210.0,0,Dubos
54,FRANK PHELAN,2011,37.5cl,Bordeaux,7.25,0,Dubos
55,CH. HAUT MARBUZET,2011,37.5cl,Bordeaux,12.0,0,Dubos
56,CH. ORMES DE PEZ,2011,37.5cl,Bordeaux,10.4,0,Dubos
57,BLASON D'ISSAN,2011,37.5cl,Bordeaux,8.25,0,Dubos
58,CH. DESMIRAIL,2011,37.5cl,Bordeaux,10.5,0,Dubos
59,CH. SIRAN,2011,37.5cl,Bordeaux,9.5,0,Dubos
60,LES ALLEES DE CANTEMERLE,2011,37.5cl,Bordeaux,5.65,0,Dubos
61,LE HAUT-MEDOC DE MONBRISON,2011,37.5cl,Bordeaux,4.5,0,Dubos
62,CH. LARRIVAUX,2011,37.5cl,Bordeaux,4.25,0,Dubos
63,CH. FOURCAS DUPRE,2011,37.5cl,Bordeaux,4.8,0,Dubos
64,CH. MAUVESIN BARTON,2011,37.5cl,Bordeaux,5.75,0,Dubos
65,CH. CORBIN,2011,37.5cl,Bordeaux,9.5,0,Dubos
66,XX DE CORBIN,2011,37.5cl,Bordeaux,5.95,0,Dubos
67,CLOS DES CARMES HAUT BRION,2011,37.5cl,Bordeaux,6.75,0,Dubos
68,CH. OLIVIER,2011,37.5cl,Bordeaux,9.75,0,Dubos
69,CH. CLIMENS,2011,37.5cl,Bordeaux,37.0,0,Dubos
70,CH. RIEUSSEC,2011,37.5cl,Bordeaux,24.0,0,Dubos
71,FRANK PHELAN,2012,37.5cl,Bordeaux,7.5,0,Dubos
72,CH. LILIAN LADOUYS,2012,37.5cl,Bordeaux,6.95,0,Dubos
73,CH. ORMES DE PEZ,2012,37.5cl,Bordeaux,9.5,0,Dubos
74,CH. CROIZET BAGES,2012,37.5cl,Bordeaux,11.5,0,Dubos
75,LACOSTE BORIE,2012,37.5cl,Bordeaux,8.4,0,Dubos
76,CH. LYNCH MOUSSAS,2012,37.5cl,Bordeaux,11.5,0,Dubos
77,CH. PEDESCLAUX,2012,37.5cl,Bordeaux,12.5,0,Dubos
78,CH. LANGOA BARTON,2012,37.5cl,Bordeaux,17.0,0,Dubos
79,CH. LEOVILLE BARTON,2012,37.5cl,Bordeaux,25.5,0,Dubos
80,CH. CANTENAC BROWN,2012,37.5cl,Bordeaux,14.8,0,Dubos
81,CH. DESMIRAIL,2012,37.5cl,Bordeaux,10.0,0,Dubos
82,CH. DURFORT VIVENS,2012,37.5cl,Bordeaux,14.8,0,Dubos
83,CH. SIRAN,2012,37.5cl,Bordeaux,7.95,0,Dubos
84,LA SIRENE DE GISCOURS,2012,37.5cl,Bordeaux,10.0,0,Dubos
85,LES ALLEES DE CANTEMERLE,2012,37.5cl,Bordeaux,5.6,0,Dubos
86,CH. DE CAMENSAC,2012,37.5cl,Bordeaux,8.6,0,Dubos
87,CH. CANTEMERLE,2012,37.5cl,Bordeaux,10.25,0,Dubos
88,LE HAUT-MEDOC DE MONBRISON,2012,37.5cl,Bordeaux,4.5,0,Dubos
89,L'HERITAGE DE CHASSE SPLEEN,2012,37.5cl,Bordeaux,5.0,0,Dubos
90,CH. FOURCAS DUPRE,2012,37.5cl,Bordeaux,4.8,0,Dubos
91,CH. MAUVESIN BARTON,2012,37.5cl,Bordeaux,5.75,0,Dubos
92,CH. POUJEAUX,2012,37.5cl,Bordeaux,9.25,0,Dubos
93,CH. CORBIN,2012,37.5cl,Bordeaux,9.75,0,Dubos
94,CH. L'EVANGILE,2012,37.5cl,Bordeaux,55.0,0,Dubos
95,CH. BROWN ROUGE,2012,37.5cl,Bordeaux,7.8,0,Dubos
96,CLOS DES CARMES HAUT BRION,2012,37.5cl,Bordeaux,6.75,0,Dubos
97,CH. COUTET,2012,37.5cl,Bordeaux,17.0,0,Dubos
98,CARMES DE RIEUSSEC,2012,37.5cl,Bordeaux,7.5,0,Dubos
99,L'EXTRAVAGANT DE DOISY DAENE,2012,37.5cl,Bordeaux,135.0,0,Dubos
100,FRANK PHELAN,2013,37.5cl,Bordeaux,7.5,0,Dubos
101,CH. LAFON ROCHET,2013,37.5cl,Bordeaux,11.75,0,Dubos
102,CH. LILIAN LADOUYS,2013,37.5cl,Bordeaux,5.95,0,Dubos
103,CH. ORMES DE PEZ,2013,37.5cl,Bordeaux,8.9,0,Dubos
104,CH. PHELAN SEGUR,2013,37.5cl,Bordeaux,11.4,0,Dubos
105,CH. GRAND PUY LACOSTE,2013,37.5cl,Bordeaux,17.0,0,Dubos
106,CH. HAUT BATAILLEY,2013,37.5cl,Bordeaux,11.75,0,Dubos
107,LACOSTE BORIE,2013,37.5cl,Bordeaux,7.8,0,Dubos
108,CH. PEDESCLAUX,2013,37.5cl,Bordeaux,10.25,0,Dubos
109,LES FIEFS DE LAGRANGE,2013,37.5cl,Bordeaux,7.95,0,Dubos
110,CH. LALANDE BORIE,2013,37.5cl,Bordeaux,7.98,0,Dubos
111,CH. LEOVILLE BARTON,2013,37.5cl,Bordeaux,22.8,0,Dubos
112,LE BARON DE BRANE,2013,37.5cl,Bordeaux,8.15,0,Dubos
113,BLASON D'ISSAN,2013,37.5cl,Bordeaux,7.95,0,Dubos
114,CH. CANTENAC BROWN,2013,37.5cl,Bordeaux,13.5,0,Dubos
115,CH. DESMIRAIL,2013,37.5cl,Bordeaux,9.9,0,Dubos
116,CH. DURFORT VIVENS,2013,37.5cl,Bordeaux,11.75,0,Dubos
117,CH. GISCOURS,2013,37.5cl,Bordeaux,16.5,0,Dubos
118,CH. SIRAN,2013,37.5cl,Bordeaux,7.95,0,Dubos
119,LES ALLEES DE CANTEMERLE,2013,37.5cl,Bordeaux,5.6,0,Dubos
120,L'HERITAGE DE CHASSE SPLEEN,2013,37.5cl,Bordeaux,4.95,0,Dubos
121,CH. LANESSAN,2013,37.5cl,Bordeaux,5.3,0,Dubos
122,CH. LARRIVAUX,2013,37.5cl,Bordeaux,3.95,0,Dubos
123,CH. FOURCAS DUPRE,2013,37.5cl,Bordeaux,4.7,0,Dubos
124,CH. CHASSE SPLEEN,2013,37.5cl,Bordeaux,9.5,0,Dubos
125,CH. MAUCAILLOU,2013,37.5cl,Bordeaux,6.95,0,Dubos
126,CH. POUJEAUX,2013,37.5cl,Bordeaux,8.95,0,Dubos
127,CHAPELLE DE POTENSAC,2013,37.5cl,Bordeaux,3.6,0,Dubos
128,CH. POTENSAC,2013,37.5cl,Bordeaux,7.25,0,Dubos
129,CH. CANON,2013,37.5cl,Bordeaux,19.5,0,Dubos
130,CH. FIGEAC,2013,37.5cl,Bordeaux,30.0,0,Dubos
131,CH. DE FONBEL,2013,37.5cl,Bordeaux,5.5,0,Dubos
132,CH. TAILLEFER,2013,37.5cl,Bordeaux,7.4,0,Dubos
133,CARMES DE RIEUSSEC,2013,37.5cl,Bordeaux,7.5,0,Dubos
134,CH. GUIRAUD,2013,37.5cl,Bordeaux,15.25,0,Dubos
135,CH. D'YQUEM,2013,37.5cl,Bordeaux,125.0,0,Dubos
136,BORDEAUX DE MAUCAILLOU,2013,37.5cl,Bordeaux,2.1,0,Dubos
137,CH. PEDESCLAUX,2014,37.5cl,Bordeaux,13.0,0,Dubos
138,RESERVE DE LA COMTESSE,2014,37.5cl,Bordeaux,12.0,0,Dubos
139,LES FIEFS DE LAGRANGE,2014,37.5cl,Bordeaux,8.4,0,Dubos
140,BLASON D'ISSAN,2014,37.5cl,Bordeaux,8.25,0,Dubos
141,CH. D'ISSAN,2014,37.5cl,Bordeaux,16.5,0,Dubos
142,CH. POTENSAC,2014,37.5cl,Bordeaux,7.98,0,Dubos
143,CH. TAILLEFER,2014,37.5cl,Bordeaux,7.75,0,Dubos
144,CH. FERRAN,2014,37.5cl,Bordeaux,4.6,0,Dubos
145,CH. MOUTON ROTHSCHILD,1999,600cl,Bordeaux,4100.0,0,Dubos
146,CH. PALMER,2004,600cl,Bordeaux,1889.0,0,Dubos
147,CH. LAFITE ROTHSCHILD,2005,600cl,Bordeaux,7300.0,0,Dubos
148,CH. LAFITE ROTHSCHILD,2006,600cl,Bordeaux,5950.0,0,Dubos
149,CH. MARGAUX,2007,600cl,Bordeaux,3000.0,0,Dubos
150,CH. LEOVILLE LAS CASES,2010,600cl,Bordeaux,1720.0,0,Dubos
151,CH. LAFITE ROTHSCHILD,2012,600cl,Bordeaux,3350.0,0,Dubos
152,CH. MOUTON ROTHSCHILD,2012,600cl,Bordeaux,2950.0,0,Dubos
153,CH. LEOVILLE LAS CASES,2012,600cl,Bordeaux,940.0,0,Dubos
154,CH. LEOVILLE POYFERRE,2012,600cl,Bordeaux,460.0,0,Dubos
155,CH. MOUTON ROTHSCHILD,2013,600cl,Bordeaux,2550.0,0,Dubos
156,CH. PEDESCLAUX,2013,600cl,Bordeaux,198.0,0,Dubos
157,CH. RAUZAN SEGLA,2013,600cl,Bordeaux,350.0,0,Dubos
158,CH. SIRAN,2013,600cl,Bordeaux,165.0,0,Dubos
159,CH. LA TOUR CARNET,2013,600cl,Bordeaux,225.0,0,Dubos
160,CH. FIGEAC,2013,600cl,Bordeaux,525.0,0,Dubos
161,CH. TAILLEFER,2013,600cl,Bordeaux,155.0,0,Dubos
162,ALMAVIVA,2013,600cl,Puente Alto,825.0,0,Dubos
163,CH. MOUTON ROTHSCHILD,1999,300cl,Bordeaux,3380.0,0,Dubos
164,CH. CLERC MILON,2002,300cl,Bordeaux,450.0,0,Dubos
165,CH. MARGAUX,2010,300cl,Bordeaux,4700.0,0,Dubos
166,CH. GRAND PUY LACOSTE,2012,300cl,Bordeaux,295.0,0,Dubos
167,CH. MOUTON ROTHSCHILD,2012,300cl,Bordeaux,2450.0,0,Dubos
168,CH. LEOVILLE LAS CASES,2012,300cl,Bordeaux,780.0,0,Dubos
169,CH. LEOVILLE POYFERRE,2012,300cl,Bordeaux,365.0,0,Dubos
170,CH. MOUTON ROTHSCHILD,2013,300cl,Bordeaux,2150.0,0,Dubos
171,CH. PEDESCLAUX,2013,300cl,Bordeaux,165.0,0,Dubos
172,CH. RAUZAN SEGLA,2013,300cl,Bordeaux,275.0,0,Dubos
173,CH. LA TOUR CARNET,2013,300cl,Bordeaux,165.0,0,Dubos
174,CH. CLINET,1985,150cl,Bordeaux,365.0,0,Dubos
175,CH. FIGEAC,1993,150cl,Bordeaux,195.0,0,Dubos
176,CH. MOUTON ROTHSCHILD,1994,150cl,Bordeaux,700.0,0,Dubos
177,CH. TALBOT,1994,150cl,Bordeaux,108.0,0,Dubos
178,CH. CLOS HAUT PEYRAGUEY,1994,150cl,Bordeaux,38.0,0,Dubos
179,CH. LAFITE ROTHSCHILD,1995,150cl,Bordeaux,2050.0,0,Dubos
180,CH. MOUTON ROTHSCHILD,1995,150cl,Bordeaux,1100.0,0,Dubos
181,CH. CLOS HAUT PEYRAGUEY,1995,150cl,Bordeaux,46.5,0,Dubos
182,CH. CALON SEGUR,1996,150cl,Bordeaux,188.0,0,Dubos
183,CH. D'ARMAILHAC,1996,150cl,Bordeaux,108.0,0,Dubos
184,CH. CLOS HAUT PEYRAGUEY,1996,150cl,Bordeaux,48.0,0,Dubos
185,CH. LATOUR,1997,150cl,Bordeaux,798.0,0,Dubos
186,CH. CALON SEGUR,1999,150cl,Bordeaux,160.0,0,Dubos
187,CH. D'ARMAILHAC,1999,150cl,Bordeaux,98.0,0,Dubos
188,CH. MOUTON ROTHSCHILD,1999,150cl,Bordeaux,960.0,0,Dubos
189,CH. RAUZAN SEGLA,1999,150cl,Bordeaux,167.0,0,Dubos
190,CH. D'ARMAILHAC,2000,150cl,Bordeaux,145.0,0,Dubos
191,CH. CLERC MILON,2000,150cl,Bordeaux,160.0,0,Dubos
192,CH. CALON SEGUR,2001,150cl,Bordeaux,155.0,0,Dubos
193,CH. FOURCAS DUPRE,2001,150cl,Bordeaux,21.0,0,Dubos
194,CH. CALON SEGUR,2002,150cl,Bordeaux,152.0,0,Dubos
195,CH. CLERC MILON,2002,150cl,Bordeaux,120.0,0,Dubos
196,CH. PETIT VILLAGE,2002,150cl,Bordeaux,80.0,0,Dubos
197,CH. CLERC MILON,2003,150cl,Bordeaux,130.0,0,Dubos
198,CH. LATOUR,2003,150cl,Bordeaux,1580.0,0,Dubos
199,CH. CALON SEGUR,2004,150cl,Bordeaux,146.0,0,Dubos
200,CH. D'ARMAILHAC,2004,150cl,Bordeaux,90.0,0,Dubos
201,CH. CLERC MILON,2004,150cl,Bordeaux,115.0,0,Dubos
202,CH. PALMER,2004,150cl,Bordeaux,378.0,0,Dubos
203,CH. CLERC MILON,2006,150cl,Bordeaux,135.0,0,Dubos
204,CH. TALBOT,2006,150cl,Bordeaux,118.0,0,Dubos
205,ALTER EGO DE PALMER,2006,150cl,Bordeaux,128.0,0,Dubos
206,CH. DE CAMENSAC,2006,150cl,Bordeaux,51.0,0,Dubos
207,CH. MONTROSE,2007,150cl,Bordeaux,135.0,0,Dubos
208,LES FORTS DE LATOUR,2007,150cl,Bordeaux,275.0,0,Dubos
209,PETIT MOUTON,2007,150cl,Bordeaux,278.0,0,Dubos
210,CLOS FOURTET,2007,150cl,Bordeaux,158.0,0,Dubos
211,CH. CLERC MILON,2008,150cl,Bordeaux,120.0,0,Dubos
212,CH. LAFITE ROTHSCHILD,2008,150cl,Bordeaux,1950.0,0,Dubos
213,PAVILLON ROUGE DU CH. MARGAUX,2008,150cl,Bordeaux,250.0,0,Dubos
214,CH. LE GAY,2008,150cl,Bordeaux,165.0,0,Dubos
215,CH. LEOVILLE LAS CASES,2009,150cl,Bordeaux,540.0,0,Dubos
216,CH. DE CAMENSAC,2009,150cl,Bordeaux,53.0,0,Dubos
217,PETRUS,2009,150cl,Bordeaux,5990.0,0,Dubos
218,CH. CLIMENS,2009,150cl,Bordeaux,148.0,0,Dubos
219,CH. COUTET,2009,150cl,Bordeaux,96.0,0,Dubos
220,CH. CLERC MILON,2010,150cl,Bordeaux,130.0,0,Dubos
221,PETIT MOUTON,2010,150cl,Bordeaux,310.0,0,Dubos
222,CH. PRIEURE LICHINE,2010,150cl,Bordeaux,82.0,0,Dubos
223,SEIGNEUR DE LA TOUR CARNET,2010,150cl,Bordeaux,26.5,0,Dubos
224,CH. HAUT BRION,2010,150cl,Bordeaux,1380.0,0,Dubos
225,CH. CLIMENS,2010,150cl,Bordeaux,148.0,0,Dubos
226,FRANK PHELAN,2011,150cl,Bordeaux,27.5,0,Dubos
227,CH. MONTROSE,2011,150cl,Bordeaux,150.0,0,Dubos
228,CH. TRONQUOY LALANDE,2011,150cl,Bordeaux,39.0,0,Dubos
229,PETIT MOUTON,2011,150cl,Bordeaux,260.0,0,Dubos
230,CH. BRANAIRE DUCRU,2011,150cl,Bordeaux,72.0,0,Dubos
231,CH. LALANDE,2011,150cl,Bordeaux,25.0,0,Dubos
232,LE PETIT LION DU MARQUIS DE LAS CASES,2011,150cl,Bordeaux,59.8,0,Dubos
233,LES HAUTS DU TERTRE,2011,150cl,Bordeaux,29.8,0,Dubos
234,LE HAUT-MEDOC DE MONBRISON,2011,150cl,Bordeaux,17.0,0,Dubos
235,CH. MAUVESIN BARTON,2011,150cl,Bordeaux,20.75,0,Dubos
236,XX DE CORBIN,2011,150cl,Bordeaux,25.0,0,Dubos
237,LE CLARENCE DE HAUT BRION,2011,150cl,Bordeaux,150.0,0,Dubos
238,FRANK PHELAN,2012,150cl,Bordeaux,28.5,0,Dubos
239,CH. LILIAN LADOUYS,2012,150cl,Bordeaux,28.0,0,Dubos
240,CH. CROIZET BAGES,2012,150cl,Bordeaux,43.5,0,Dubos
241,CH. LAFITE ROTHSCHILD,2012,150cl,Bordeaux,790.0,0,Dubos
242,CH. LYNCH MOUSSAS,2012,150cl,Bordeaux,43.0,0,Dubos
243,CH. MOUTON ROTHSCHILD,2012,150cl,Bordeaux,690.0,0,Dubos
244,CH. PEDESCLAUX,2012,150cl,Bordeaux,48.0,0,Dubos
245,PETIT MOUTON,2012,150cl,Bordeaux,275.0,0,Dubos
246,CH. LAGRANGE,2012,150cl,Bordeaux,52.0,0,Dubos
247,CH. LEOVILLE BARTON,2012,150cl,Bordeaux,100.0,0,Dubos
248,CH. LEOVILLE POYFERRE,2012,150cl,Bordeaux,96.0,0,Dubos
249,LE BARON DE BRANE,2012,150cl,Bordeaux,33.0,0,Dubos
250,CH. DESMIRAIL,2012,150cl,Bordeaux,38.5,0,Dubos
251,CH. DURFORT VIVENS,2012,150cl,Bordeaux,59.0,0,Dubos
252,LES HAUTS DU TERTRE,2012,150cl,Bordeaux,30.0,0,Dubos
253,CH. MONBRISON,2012,150cl,Bordeaux,35.0,0,Dubos
254,CH. PALMER,2012,150cl,Bordeaux,365.0,0,Dubos
255,CH. PRIEURE LICHINE,2012,150cl,Bordeaux,50.0,0,Dubos
256,CH. SIRAN,2012,150cl,Bordeaux,32.0,0,Dubos
257,CH. CANTEMERLE,2012,150cl,Bordeaux,38.0,0,Dubos
258,LE HAUT-MEDOC DE MONBRISON,2012,150cl,Bordeaux,16.8,0,Dubos
259,CH. FOURCAS DUPRE,2012,150cl,Bordeaux,16.8,0,Dubos
260,CH. MAUVESIN BARTON,2012,150cl,Bordeaux,20.75,0,Dubos
261,CH. D'AIGUILHE,2012,150cl,Bordeaux,25.5,0,Dubos
262,FRANK PHELAN,2013,150cl,Bordeaux,28.5,0,Dubos
263,CH. HAUT MARBUZET,2013,150cl,Bordeaux,45.0,0,Dubos
264,CH. LAFON ROCHET,2013,150cl,Bordeaux,44.5,0,Dubos
265,CH. LILIAN LADOUYS,2013,150cl,Bordeaux,23.75,0,Dubos
266,CH. ORMES DE PEZ,2013,150cl,Bordeaux,33.0,0,Dubos
267,CH. PHELAN SEGUR,2013,150cl,Bordeaux,43.5,0,Dubos
268,CH. GRAND PUY LACOSTE,2013,150cl,Bordeaux,66.0,0,Dubos
269,CH. HAUT BAGES LIBERAL,2013,150cl,Bordeaux,42.0,0,Dubos
270,CH. HAUT BATAILLEY,2013,150cl,Bordeaux,44.5,0,Dubos
271,LACOSTE BORIE,2013,150cl,Bordeaux,28.65,0,Dubos
272,CH. PEDESCLAUX,2013,150cl,Bordeaux,38.0,0,Dubos
273,CH. LEOVILLE BARTON,2013,150cl,Bordeaux,90.0,0,Dubos
274,CH. LEOVILLE POYFERRE,2013,150cl,Bordeaux,82.0,0,Dubos
275,ALTER EGO DE PALMER,2013,150cl,Bordeaux,80.0,0,Dubos
276,LE BARON DE BRANE,2013,150cl,Bordeaux,31.5,0,Dubos
277,BLASON D'ISSAN,2013,150cl,Bordeaux,29.5,0,Dubos
278,BRIO DU CH. CANTENAC BROWN,2013,150cl,Bordeaux,31.65,0,Dubos
279,CH. CANTENAC BROWN,2013,150cl,Bordeaux,51.0,0,Dubos
280,CH. DESMIRAIL,2013,150cl,Bordeaux,36.8,0,Dubos
281,CH. DURFORT VIVENS,2013,150cl,Bordeaux,46.0,0,Dubos
282,CH. GISCOURS,2013,150cl,Bordeaux,65.0,0,Dubos
283,LES HAUTS DU TERTRE,2013,150cl,Bordeaux,28.25,0,Dubos
284,CH. KIRWAN,2013,150cl,Bordeaux,45.8,0,Dubos
285,CH. MONBRISON,2013,150cl,Bordeaux,32.4,0,Dubos
286,CH. SIRAN,2013,150cl,Bordeaux,29.0,0,Dubos
287,LES ALLEES DE CANTEMERLE,2013,150cl,Bordeaux,18.75,0,Dubos
288,LE HAUT-MEDOC DE GISCOURS,2013,150cl,Bordeaux,22.0,0,Dubos
289,CH. LA LAGUNE,2013,150cl,Bordeaux,55.8,0,Dubos
290,CH. LANESSAN,2013,150cl,Bordeaux,18.4,0,Dubos
291,CH. LARRIVAUX,2013,150cl,Bordeaux,14.5,0,Dubos
292,CH. CHASSE SPLEEN,2013,150cl,Bordeaux,36.0,0,Dubos
293,CH. POUJEAUX,2013,150cl,Bordeaux,33.0,0,Dubos
294,CH. CANON,2013,150cl,Bordeaux,78.0,0,Dubos
295,CLOS FOURTET,2013,150cl,Bordeaux,112.0,0,Dubos
296,CHÂTEAU FAURIE DE SOUCHARD,2013,150cl,Bordeaux,45.6,0,Dubos
297,CH. FIGEAC,2013,150cl,Bordeaux,116.0,0,Dubos
298,CH. GRAND CORBIN DESPAGNE,2013,150cl,Bordeaux,31.65,0,Dubos
299,CH. PAVIE MACQUIN,2013,150cl,Bordeaux,65.0,0,Dubos
300,CH. TROPLONG MONDOT,2013,150cl,Bordeaux,110.0,0,Dubos
301,CH. NENIN,2013,150cl,Bordeaux,57.0,0,Dubos
302,CH. TAILLEFER,2013,150cl,Bordeaux,26.8,0,Dubos
303,CH. BOUSCAUT ROUGE,2013,150cl,Bordeaux,32.6,0,Dubos
304,BORDEAUX DE MAUCAILLOU,2013,150cl,Bordeaux,8.0,0,Dubos
305,ALMAVIVA,2013,150cl,Puente Alto,138.0,0,Dubos
306,CH. PEDESCLAUX,2014,150cl,Bordeaux,50.0,0,Dubos
307,RESERVE DE LA COMTESSE,2014,150cl,Bordeaux,45.6,0,Dubos
308,BLASON D'ISSAN,2014,150cl,Bordeaux,30.75,0,Dubos
309,CH. D'ISSAN,2014,150cl,Bordeaux,63.0,0,Dubos
310,CHÂTEAU FAURIE DE SOUCHARD,2014,150cl,Bordeaux,47.5,0,Dubos
311,CH. FLEUR CARDINALE,2014,150cl,Bordeaux,54.0,0,Dubos
312,CH. FONROQUE,2014,150cl,Bordeaux,31.5,0,Dubos
313,CH. L'EVANGILE,2014,150cl,Bordeaux,190.0,0,Dubos
314,CH. GAZIN,2014,150cl,Bordeaux,96.0,0,Dubos
315,CH. LA POINTE,2014,150cl,Bordeaux,43.0,0,Dubos
316,CH. TAILLEFER,2014,150cl,Bordeaux,28.5,0,Dubos
317,CH. FERRAN,2014,150cl,Bordeaux,18.0,0,Dubos
318,CH. CROIX MOUTON,2014,150cl,Bordeaux,13.75,0,Dubos
319,CH. LEOVILLE BARTON,2013,3000cl,Bordeaux,1280.0,0,Dubos
320,CH. SMITH HAUT LAFITTE,2013,3000cl,Bordeaux,1250.0,0,Dubos
321,CH. PONTET CANET,2013,1500cl,Bordeaux,1435.0,0,Dubos
322,CH. LEOVILLE BARTON,2013,1500cl,Bordeaux,1080.0,0,Dubos
323,CH. LA TOUR CARNET,2013,1500cl,Bordeaux,535.0,0,Dubos
324,CH. PICHON BARON,2013,900cl,Bordeaux,800.0,0,Dubos
325,CH. LEOVILLE BARTON,2013,900cl,Bordeaux,695.0,0,Dubos
326,CH. LA TOUR CARNET,2013,900cl,Bordeaux,380.0,0,Dubos
327,CH. DUCRU BEAUCAILLOU,1970,75cl,Bordeaux,300.0,0,Dubos
328,CH. DUCRU BEAUCAILLOU,1982,75cl,Bordeaux,380.0,0,Dubos
329,CH. DUCRU BEAUCAILLOU,1985,75cl,Bordeaux,135.0,0,Dubos
330,CHATEAU LA CABANNE,1985,75cl,Bordeaux,145.0,0,Dubos
331,CH. DUCRU BEAUCAILLOU,1986,75cl,Bordeaux,135.0,0,Dubos
332,CH. ANGELUS,1986,75cl,Bordeaux,295.0,0,Dubos
333,CH. DUCRU BEAUCAILLOU,1988,75cl,Bordeaux,130.0,0,Dubos
334,CHATEAU LA CABANNE,1988,75cl,Bordeaux,155.0,0,Dubos
335,CH. DUCRU BEAUCAILLOU,1989,75cl,Bordeaux,130.0,0,Dubos
336,CH. CANTENAC BROWN,1989,75cl,Bordeaux,58.0,0,Dubos
337,CH. MARGAUX,1989,75cl,Bordeaux,495.0,0,Dubos
338,PAVILLON ROUGE DU CH. MARGAUX,1989,75cl,Bordeaux,180.0,0,Dubos
339,CHATEAU LA CABANNE,1989,75cl,Bordeaux,145.0,0,Dubos
340,CH. MOUTON ROTHSCHILD,1990,75cl,Bordeaux,425.0,0,Dubos
341,CH. PICHON LALANDE,1990,75cl,Bordeaux,225.0,0,Dubos
342,CH. DUCRU BEAUCAILLOU,1990,75cl,Bordeaux,115.0,0,Dubos
343,CH. PALMER,1990,75cl,Bordeaux,308.0,0,Dubos
344,CH. DE FERRAND (baron BICH),1990,75cl,Bordeaux,19.0,0,Dubos
345,CH. MONTROSE,1993,75cl,Bordeaux,75.0,0,Dubos
346,CH. PHELAN SEGUR,1993,75cl,Bordeaux,35.0,0,Dubos
347,CH. MARGAUX,1993,75cl,Bordeaux,398.0,0,Dubos
348,CH. HAUT BRION,1993,75cl,Bordeaux,340.0,0,Dubos
349,CH. MALARTIC LAGRAVIERE BLC,1993,75cl,Bordeaux,19.8,0,Dubos
350,CH. GRUAUD LAROSE,1994,75cl,Bordeaux,52.8,0,Dubos
351,CH. MARGAUX,1994,75cl,Bordeaux,385.0,0,Dubos
352,CH. FIGEAC,1994,75cl,Bordeaux,70.0,0,Dubos
353,CH. FRANC-MAYNE,1994,75cl,Bordeaux,25.0,0,Dubos
354,CH. MOUTON ROTHSCHILD,1995,75cl,Bordeaux,525.0,0,Dubos
355,CH. PICHON BARON,1995,75cl,Bordeaux,132.0,0,Dubos
356,CH. DUCRU BEAUCAILLOU,1995,75cl,Bordeaux,215.0,0,Dubos
357,CH. PALMER,1995,75cl,Bordeaux,240.0,0,Dubos
358,CHATEAU LA CABANNE,1995,75cl,Bordeaux,78.0,0,Dubos
359,CH. HAUT BRION,1995,75cl,Bordeaux,450.0,0,Dubos
360,CH. D'YQUEM,1995,75cl,Bordeaux,198.0,0,Dubos
361,CH. CALON SEGUR,1996,75cl,Bordeaux,92.0,0,Dubos
362,CH. PICHON BARON,1996,75cl,Bordeaux,145.0,0,Dubos
363,CH. GISCOURS,1996,75cl,Bordeaux,63.0,0,Dubos
364,CH. RAUZAN GASSIES,1996,75cl,Bordeaux,48.0,0,Dubos
365,CH. HAUT BRION,1996,75cl,Bordeaux,400.0,0,Dubos
366,CH. DUCRU BEAUCAILLOU,1997,75cl,Bordeaux,98.0,0,Dubos
367,CH. GISCOURS,1997,75cl,Bordeaux,48.0,0,Dubos
368,CH. MARGAUX,1997,75cl,Bordeaux,385.0,0,Dubos
369,CH. POUMEY,1997,75cl,Bordeaux,16.8,0,Dubos
370,CH. COUHINS LURTON,1997,75cl,Bordeaux,17.0,0,Dubos
371,CH. RIEUSSEC,1997,75cl,Bordeaux,65.0,0,Dubos
372,CH. CALON SEGUR,1998,75cl,Bordeaux,85.0,0,Dubos
373,CH. MONTROSE,1998,75cl,Bordeaux,110.0,0,Dubos
374,CH. LEOVILLE LAS CASES,1998,75cl,Bordeaux,160.0,0,Dubos
375,CH. PALMER,1998,75cl,Bordeaux,225.0,0,Dubos
376,CH. RAUZAN SEGLA,1998,75cl,Bordeaux,92.0,0,Dubos
377,CHATEAU LA CABANNE,1998,75cl,Bordeaux,78.0,0,Dubos
378,CH. LA RIVIERE,1998,75cl,Bordeaux,14.0,0,Dubos
379,CH. LA MISSION HAUT BRION,1998,75cl,Bordeaux,320.0,0,Dubos
380,CH. LATOUR,1999,75cl,Bordeaux,490.0,0,Dubos
381,CH. MOUTON ROTHSCHILD,1999,75cl,Bordeaux,470.0,0,Dubos
382,CH. LEOVILLE LAS CASES,1999,75cl,Bordeaux,150.0,0,Dubos
383,CH. FERRIERE,1999,75cl,Bordeaux,43.0,0,Dubos
384,CH. MARGAUX,1999,75cl,Bordeaux,438.0,0,Dubos
385,CH. RAUZAN GASSIES,1999,75cl,Bordeaux,49.5,0,Dubos
386,CH. DASSAULT,1999,75cl,Bordeaux,39.0,0,Dubos
387,CH. LYNSOLENCE,1999,75cl,Bordeaux,36.5,0,Dubos
388,CH. TROPLONG MONDOT,1999,75cl,Bordeaux,65.0,0,Dubos
389,CH. COUHINS LURTON,1999,75cl,Bordeaux,16.0,0,Dubos
390,CH. CLOS HAUT PEYRAGUEY,1999,75cl,Bordeaux,24.0,0,Dubos
391,CH. CALON SEGUR,2000,75cl,Bordeaux,87.0,0,Dubos
392,CH. LAFON ROCHET,2000,75cl,Bordeaux,63.0,0,Dubos
393,CH. MONTROSE,2000,75cl,Bordeaux,175.0,0,Dubos
394,CH. LATOUR,2000,75cl,Bordeaux,850.0,0,Dubos
395,CH. PONTET CANET,2000,75cl,Bordeaux,105.0,0,Dubos
396,CH. TALBOT,2000,75cl,Bordeaux,98.0,0,Dubos
397,CH. KIRWAN,2000,75cl,Bordeaux,76.0,0,Dubos
398,CH. DE VILLEGEORGE,2000,75cl,Bordeaux,13.0,0,Dubos
399,CH. CHEVAL BLANC,2000,75cl,Bordeaux,790.0,0,Dubos
400,CLOS FOURTET,2000,75cl,Bordeaux,145.0,0,Dubos
401,CH. FERRAND LARTIGUE,2000,75cl,Bordeaux,32.0,0,Dubos
402,CH. SAINT DOMINGUE,2000,75cl,Bordeaux,47.0,0,Dubos
403,MAXIMIN DE CORBIN,2000,75cl,Bordeaux,13.5,0,Dubos
404,CHATEAU LA CABANNE,2000,75cl,Bordeaux,42.0,0,Dubos
405,CH. LA CROIX DE GAY,2000,75cl,Bordeaux,50.0,0,Dubos
406,CH. CALON SEGUR,2001,75cl,Bordeaux,78.0,0,Dubos
407,CH. LAFITE ROTHSCHILD,2001,75cl,Bordeaux,680.0,0,Dubos
408,CH. MOUTON ROTHSCHILD,2001,75cl,Bordeaux,435.0,0,Dubos
409,CH. TALBOT,2001,75cl,Bordeaux,72.0,0,Dubos
410,CH. RAUZAN GASSIES,2001,75cl,Bordeaux,47.0,0,Dubos
411,CH. RAUZAN SEGLA,2001,75cl,Bordeaux,83.0,0,Dubos
412,CH. FOURCAS DUPRE,2001,75cl,Bordeaux,10.5,0,Dubos
413,CH. LESTAGE CHENES BESSON,2001,75cl,Bordeaux,7.95,0,Dubos
414,CH. LA GOMERIE,2001,75cl,Bordeaux,76.0,0,Dubos
415,CH. MOULIN SAINT GEORGES,2001,75cl,Bordeaux,69.0,0,Dubos
416,"CH. QUINAULT""L'ENCLOS""",2001,75cl,Bordeaux,45.0,0,Dubos
417,CH. SAINT DOMINGUE,2001,75cl,Bordeaux,47.0,0,Dubos
418,CHATEAU LA CABANNE,2001,75cl,Bordeaux,33.0,0,Dubos
419,CH. HAUT BRION,2001,75cl,Bordeaux,398.0,0,Dubos
420,CH. D'YQUEM,2001,75cl,Bordeaux,550.0,0,Dubos
421,CH. CALON SEGUR,2002,75cl,Bordeaux,76.0,0,Dubos
422,CH. BEYCHEVELLE,2002,75cl,Bordeaux,75.0,0,Dubos
423,CH. MARGAUX,2002,75cl,Bordeaux,435.0,0,Dubos
424,CH. LESTAGE CHENES BESSON,2002,75cl,Bordeaux,8.25,0,Dubos
425,CH. LYNSOLENCE,2002,75cl,Bordeaux,27.8,0,Dubos
426,"CH. QUINAULT""L'ENCLOS""",2002,75cl,Bordeaux,33.5,0,Dubos
427,CH. SOUTARD,2002,75cl,Bordeaux,21.8,0,Dubos
428,CH. LA CROIX DE GAY,2002,75cl,Bordeaux,32.0,0,Dubos
429,CH. HAUT BRION,2002,75cl,Bordeaux,350.0,0,Dubos
430,LE SILLAGE DE MALARTIC,2002,75cl,Bordeaux,7.5,0,Dubos
431,CH. DUHART MILON ROTHSCHILD,2003,75cl,Bordeaux,108.0,0,Dubos
432,CH. LAFITE ROTHSCHILD,2003,75cl,Bordeaux,940.0,0,Dubos
433,CH. LATOUR,2003,75cl,Bordeaux,790.0,0,Dubos
434,CH. MOUTON ROTHSCHILD,2003,75cl,Bordeaux,435.0,0,Dubos
435,CH. PICHON LALANDE,2003,75cl,Bordeaux,142.0,0,Dubos
436,CH. MARGAUX,2003,75cl,Bordeaux,575.0,0,Dubos
437,PAVILLON ROUGE DU CH. MARGAUX,2003,75cl,Bordeaux,135.0,0,Dubos
438,CHATEAU LA CABANNE,2003,75cl,Bordeaux,27.5,0,Dubos
439,CH. TOUR LEOGNAN BLANC,2003,75cl,Bordeaux,7.5,0,Dubos
440,COUTET CUVEE MADAME,2003,75cl,Bordeaux,200.0,0,Dubos
441,CH. CLOS HAUT PEYRAGUEY,2003,75cl,Bordeaux,28.0,0,Dubos
442,CH. RIEUSSEC,2003,75cl,Bordeaux,40.0,0,Dubos
443,CH. MONTROSE,2004,75cl,Bordeaux,79.0,0,Dubos
444,CH. D'ARMAILHAC,2004,75cl,Bordeaux,45.0,0,Dubos
445,CH. CROIZET BAGES,2004,75cl,Bordeaux,27.5,0,Dubos
446,CH. LATOUR,2004,75cl,Bordeaux,468.0,0,Dubos
447,LES HAUTS DU TERTRE,2004,75cl,Bordeaux,14.8,0,Dubos
448,CH. MARGAUX,2004,75cl,Bordeaux,395.0,0,Dubos
449,CH. FOURCAS DUPRE,2004,75cl,Bordeaux,8.95,0,Dubos
450,CHATEAU LA CABANNE,2004,75cl,Bordeaux,24.8,0,Dubos
451,CH. HAUT BRION,2004,75cl,Bordeaux,340.0,0,Dubos
452,CH. LAVILLE HAUT BRION,2004,75cl,Bordeaux,280.0,0,Dubos
453,CH. TOUR LEOGNAN BLANC,2004,75cl,Bordeaux,7.5,0,Dubos
454,CH. CLOS HAUT PEYRAGUEY,2004,75cl,Bordeaux,23.0,0,Dubos
455,CH. CALON SEGUR,2005,75cl,Bordeaux,89.0,0,Dubos
456,CH. COS D'ESTOURNEL,2005,75cl,Bordeaux,190.0,0,Dubos
457,CH. MONTROSE,2005,75cl,Bordeaux,132.0,0,Dubos
458,CH. DUHART MILON ROTHSCHILD,2005,75cl,Bordeaux,108.0,0,Dubos
459,LES FORTS DE LATOUR,2005,75cl,Bordeaux,175.0,0,Dubos
460,CH. LAFITE ROTHSCHILD,2005,75cl,Bordeaux,875.0,0,Dubos
461,CH. LYNCH BAGES,2005,75cl,Bordeaux,140.0,0,Dubos
462,CH. MOUTON ROTHSCHILD,2005,75cl,Bordeaux,540.0,0,Dubos
463,PETIT MOUTON,2005,75cl,Bordeaux,170.0,0,Dubos
464,CH. PICHON LALANDE,2005,75cl,Bordeaux,105.0,0,Dubos
465,CH. BEYCHEVELLE,2005,75cl,Bordeaux,100.0,0,Dubos
466,CH. BRANAIRE DUCRU,2005,75cl,Bordeaux,72.0,0,Dubos
467,CH. GRUAUD LAROSE,2005,75cl,Bordeaux,83.0,0,Dubos
468,CH. LAGRANGE,2005,75cl,Bordeaux,59.0,0,Dubos
469,CH. LANGOA BARTON,2005,75cl,Bordeaux,55.0,0,Dubos
470,CH. LEOVILLE BARTON,2005,75cl,Bordeaux,105.0,0,Dubos
471,CH. LEOVILLE LAS CASES,2005,75cl,Bordeaux,250.0,0,Dubos
472,CH. TALBOT,2005,75cl,Bordeaux,67.0,0,Dubos
473,CH. BRANE CANTENAC,2005,75cl,Bordeaux,90.0,0,Dubos
474,CH. CANTENAC BROWN,2005,75cl,Bordeaux,60.0,0,Dubos
475,CH. GISCOURS,2005,75cl,Bordeaux,69.0,0,Dubos
476,CH. MARGAUX,2005,75cl,Bordeaux,825.0,0,Dubos
477,CH. PALMER,2005,75cl,Bordeaux,295.0,0,Dubos
478,CH. RAUZAN SEGLA,2005,75cl,Bordeaux,115.0,0,Dubos
479,CH. CANTEMERLE,2005,75cl,Bordeaux,38.0,0,Dubos
480,CH. LA COUSPAUDE,2005,75cl,Bordeaux,40.0,0,Dubos
481,CH. FIGEAC,2005,75cl,Bordeaux,158.0,0,Dubos
482,CH. LA TOUR FIGEAC,2005,75cl,Bordeaux,49.0,0,Dubos
483,CHATEAU LA CABANNE,2005,75cl,Bordeaux,34.0,0,Dubos
484,PETRUS,2005,75cl,Bordeaux,2980.0,0,Dubos
485,CH. CLIMENS,2005,75cl,Bordeaux,72.0,0,Dubos
486,CH. CLOS HAUT PEYRAGUEY,2005,75cl,Bordeaux,27.0,0,Dubos
487,CH. LAFAURIE PEYRAGUEY,2005,75cl,Bordeaux,30.0,0,Dubos
488,CH. D'YQUEM,2005,75cl,Bordeaux,390.0,0,Dubos
489,CH. CALON SEGUR,2006,75cl,Bordeaux,78.0,0,Dubos
490,CH. CAPBERN GASQUETON,2006,75cl,Bordeaux,15.9,0,Dubos
491,CH. COS D'ESTOURNEL,2006,75cl,Bordeaux,110.0,0,Dubos
492,CH. LAFON ROCHET,2006,75cl,Bordeaux,35.0,0,Dubos
493,LES PAGODES DE COS,2006,75cl,Bordeaux,39.0,0,Dubos
494,CH. DUHART MILON ROTHSCHILD,2006,75cl,Bordeaux,98.0,0,Dubos
495,LES FORTS DE LATOUR,2006,75cl,Bordeaux,150.0,0,Dubos
496,CH. LAFITE ROTHSCHILD,2006,75cl,Bordeaux,698.0,0,Dubos
497,CH. LATOUR,2006,75cl,Bordeaux,525.0,0,Dubos
498,CH. MOUTON ROTHSCHILD,2006,75cl,Bordeaux,465.0,0,Dubos
499,CH. PICHON LALANDE,2006,75cl,Bordeaux,103.0,0,Dubos
500,CH. BEYCHEVELLE,2006,75cl,Bordeaux,82.0,0,Dubos
501,CH. GRUAUD LAROSE,2006,75cl,Bordeaux,63.0,0,Dubos
502,CH. TALBOT,2006,75cl,Bordeaux,59.0,0,Dubos
503,CH. BRANE CANTENAC,2006,75cl,Bordeaux,51.0,0,Dubos
504,CH. MARQUIS DE TERME,2006,75cl,Bordeaux,34.0,0,Dubos
505,PAVILLON ROUGE DU CH. MARGAUX,2006,75cl,Bordeaux,125.0,0,Dubos
506,CH. RAUZAN SEGLA,2006,75cl,Bordeaux,59.8,0,Dubos
507,CH. DU TERTRE,2006,75cl,Bordeaux,35.0,0,Dubos
508,CH. DE CAMENSAC,2006,75cl,Bordeaux,25.8,0,Dubos
509,CH. FOURCAS DUPRE,2006,75cl,Bordeaux,10.0,0,Dubos
510,CH. ANGELUS,2006,75cl,Bordeaux,300.0,0,Dubos
511,CH. BELLEVUE MONDOTTE,2006,75cl,Bordeaux,165.0,0,Dubos
512,CH. CANON,2006,75cl,Bordeaux,53.0,0,Dubos
513,CH. CHEVAL BLANC,2006,75cl,Bordeaux,468.0,0,Dubos
514,CH. LA DOMINIQUE,2006,75cl,Bordeaux,35.0,0,Dubos
515,CH. FLEUR CARDINALE,2006,75cl,Bordeaux,34.0,0,Dubos
516,CH. LA GOMERIE,2006,75cl,Bordeaux,46.0,0,Dubos
517,CH. MOULIN SAINT GEORGES,2006,75cl,Bordeaux,40.0,0,Dubos
518,CH. LA CROIX DU CASSE,2006,75cl,Bordeaux,21.0,0,Dubos
519,PETRUS,2006,75cl,Bordeaux,1900.0,0,Dubos
520,LE BAHANS DU CH. HAUT BRION,2006,75cl,Bordeaux,93.0,0,Dubos
521,CH. HAUT BRION,2006,75cl,Bordeaux,378.0,0,Dubos
522,CH. LA MISSION HAUT BRION,2006,75cl,Bordeaux,280.0,0,Dubos
523,CH. BOUSCAUT BLANC,2006,75cl,Bordeaux,16.8,0,Dubos
524,CH. LAVILLE HAUT BRION,2006,75cl,Bordeaux,350.0,0,Dubos
525,SAINT JACQUES DE SIRAN,2006,75cl,Bordeaux,4.95,0,Dubos
526,CH. CALON SEGUR,2007,75cl,Bordeaux,72.0,0,Dubos
527,CH. COS D'ESTOURNEL,2007,75cl,Bordeaux,95.0,0,Dubos
528,CH. LAFON ROCHET,2007,75cl,Bordeaux,33.0,0,Dubos
529,CH. MONTROSE,2007,75cl,Bordeaux,67.0,0,Dubos
530,LES PAGODES DE COS,2007,75cl,Bordeaux,35.0,0,Dubos
531,CH. DUHART MILON ROTHSCHILD,2007,75cl,Bordeaux,69.0,0,Dubos
532,CH. GRAND PUY LACOSTE,2007,75cl,Bordeaux,45.0,0,Dubos
533,CH. HAUT DE LA BECADE,2007,75cl,Bordeaux,13.5,0,Dubos
534,CH. LAFITE ROTHSCHILD,2007,75cl,Bordeaux,750.0,0,Dubos
535,CH. MOUTON ROTHSCHILD,2007,75cl,Bordeaux,368.0,0,Dubos
536,CH. PICHON LALANDE,2007,75cl,Bordeaux,82.0,0,Dubos
537,CH. PONTET CANET,2007,75cl,Bordeaux,68.0,0,Dubos
538,RESERVE DE LA COMTESSE,2007,75cl,Bordeaux,28.0,0,Dubos
539,CH. LAGRANGE,2007,75cl,Bordeaux,35.8,0,Dubos
540,CH. LANGOA BARTON,2007,75cl,Bordeaux,34.0,0,Dubos
541,CH. D'ISSAN,2007,75cl,Bordeaux,48.0,0,Dubos
542,CH. MARGAUX,2007,75cl,Bordeaux,380.0,0,Dubos
543,PAVILLON ROUGE DU CH. MARGAUX,2007,75cl,Bordeaux,125.0,0,Dubos
544,CH. PRIEURÉ LICHINE,2007,75cl,Bordeaux,32.0,0,Dubos
545,CH. TOUR MASSAC,2007,75cl,Bordeaux,13.75,0,Dubos
546,CH. DE LAMARQUE,2007,75cl,Bordeaux,8.95,0,Dubos
547,CH. FOURCAS DUPRE,2007,75cl,Bordeaux,7.5,0,Dubos
548,CH. LESTAGE CHENES BESSON,2007,75cl,Bordeaux,7.9,0,Dubos
549,CH. POUJEAUX,2007,75cl,Bordeaux,21.9,0,Dubos
550,LA SALLE DE CH. POUJEAUX,2007,75cl,Bordeaux,6.98,0,Dubos
551,CH. ANGELUS,2007,75cl,Bordeaux,275.0,0,Dubos
552,CH. BELLEVUE MONDOTTE,2007,75cl,Bordeaux,156.0,0,Dubos
553,CH. DASSAULT,2007,75cl,Bordeaux,22.0,0,Dubos
554,CH. FIGEAC,2007,75cl,Bordeaux,79.0,0,Dubos
555,CH. MOULIN SAINT GEORGES,2007,75cl,Bordeaux,36.4,0,Dubos
556,CH. PAVIE DECESSE,2007,75cl,Bordeaux,95.0,0,Dubos
557,CHATEAU LA CABANNE,2007,75cl,Bordeaux,27.0,0,Dubos
558,CH. L'EVANGILE,2007,75cl,Bordeaux,90.0,0,Dubos
559,CH. LA VIOLETTE,2007,75cl,Bordeaux,150.0,0,Dubos
560,CH. HAUT BRION,2007,75cl,Bordeaux,350.0,0,Dubos
561,CH. LA MISSION HAUT BRION,2007,75cl,Bordeaux,185.0,0,Dubos
562,CH. PAPE CLEMENT,2007,75cl,Bordeaux,79.0,0,Dubos
563,CH. BOUSCAUT BLANC,2007,75cl,Bordeaux,18.9,0,Dubos
564,CH. LAVILLE HAUT BRION,2007,75cl,Bordeaux,350.0,0,Dubos
565,CH. PAPE CLEMENT,2007,75cl,Bordeaux,120.0,0,Dubos
566,CH. RIEUSSEC,2007,75cl,Bordeaux,48.0,0,Dubos
567,CH. SUDUIRAUT,2007,75cl,Bordeaux,42.0,0,Dubos
568,CH. D'YQUEM,2007,75cl,Bordeaux,365.0,0,Dubos
569,CH. COS D'ESTOURNEL,2008,75cl,Bordeaux,110.0,0,Dubos
570,LES PAGODES DE COS,2008,75cl,Bordeaux,38.0,0,Dubos
571,CH. D'ARMAILHAC,2008,75cl,Bordeaux,40.0,0,Dubos
572,CH. DUHART MILON ROTHSCHILD,2008,75cl,Bordeaux,85.0,0,Dubos
573,CH. GRAND PUY LACOSTE,2008,75cl,Bordeaux,48.0,0,Dubos
574,CH. HAUT DE LA BECADE,2008,75cl,Bordeaux,13.9,0,Dubos
575,CH. LAFITE ROTHSCHILD,2008,75cl,Bordeaux,895.0,0,Dubos
576,CH. MOUTON ROTHSCHILD,2008,75cl,Bordeaux,478.0,0,Dubos
577,CH. PICHON LALANDE,2008,75cl,Bordeaux,98.0,0,Dubos
578,CH. LEOVILLE LAS CASES,2008,75cl,Bordeaux,132.0,0,Dubos
579,CH. TALBOT,2008,75cl,Bordeaux,55.0,0,Dubos
580,PAVILLON ROUGE DU CH. MARGAUX,2008,75cl,Bordeaux,125.0,0,Dubos
581,CH. RAUZAN SEGLA,2008,75cl,Bordeaux,61.0,0,Dubos
582,CH. SIRAN,2008,75cl,Bordeaux,18.0,0,Dubos
583,CH. TOUR MASSAC,2008,75cl,Bordeaux,13.95,0,Dubos
584,CH. DE CAMENSAC,2008,75cl,Bordeaux,23.0,0,Dubos
585,CH. CANTEMERLE,2008,75cl,Bordeaux,24.0,0,Dubos
586,CH. DE LAMARQUE,2008,75cl,Bordeaux,9.25,0,Dubos
587,CHAPELLE DE POTENSAC,2008,75cl,Bordeaux,7.95,0,Dubos
588,CH. LES GRANDS CHENES,2008,75cl,Bordeaux,10.75,0,Dubos
589,CLOS FOURTET,2008,75cl,Bordeaux,85.0,0,Dubos
590,L'ESQUISSE DE LA TOUR FIGEAC,2008,75cl,Bordeaux,12.95,0,Dubos
591,PETIT CHEVAL,2008,75cl,Bordeaux,140.0,0,Dubos
592,LE CLARENCE DE HAUT BRION,2008,75cl,Bordeaux,87.0,0,Dubos
593,CH. HAUT BRION,2008,75cl,Bordeaux,360.0,0,Dubos
594,CH. LA MISSION HAUT BRION,2008,75cl,Bordeaux,195.0,0,Dubos
595,CH. CLIMENS,2008,75cl,Bordeaux,62.0,0,Dubos
596,CH. MONTROSE,2009,75cl,Bordeaux,245.0,0,Dubos
597,CH. TRONQUOY LALANDE,2009,75cl,Bordeaux,23.0,0,Dubos
598,CH. D'ARMAILHAC,2009,75cl,Bordeaux,48.0,0,Dubos
599,LES FORTS DE LATOUR,2009,75cl,Bordeaux,160.0,0,Dubos
600,LA GABARE DE CROIZET BAGES,2009,75cl,Bordeaux,13.75,0,Dubos
601,CH. HAUT DE LA BECADE,2009,75cl,Bordeaux,15.0,0,Dubos
602,CH. LAFITE ROTHSCHILD,2009,75cl,Bordeaux,940.0,0,Dubos
603,CH. LYNCH MOUSSAS,2009,75cl,Bordeaux,34.0,0,Dubos
604,CH. MOUTON ROTHSCHILD,2009,75cl,Bordeaux,650.0,0,Dubos
605,PETIT MOUTON,2009,75cl,Bordeaux,165.0,0,Dubos
606,CH. PICHON BARON,2009,75cl,Bordeaux,145.0,0,Dubos
607,RESERVE DE LA COMTESSE,2009,75cl,Bordeaux,37.0,0,Dubos
608,CH. BEYCHEVELLE,2009,75cl,Bordeaux,87.0,0,Dubos
609,LE PETIT LION DU MARQUIS DE LAS CASES,2009,75cl,Bordeaux,43.0,0,Dubos
610,CH. CANTENAC BROWN,2009,75cl,Bordeaux,53.0,0,Dubos
611,CONFIDENCES DE PRIEURE LICHINE,2009,75cl,Bordeaux,16.5,0,Dubos
612,CH. DURFORT VIVENS,2009,75cl,Bordeaux,40.0,0,Dubos
613,CH. MARQUIS D'ALESME BECKER,2009,75cl,Bordeaux,36.0,0,Dubos
614,PAVILLON ROUGE DU CH. MARGAUX,2009,75cl,Bordeaux,138.0,0,Dubos
615,CH. TOUR MASSAC,2009,75cl,Bordeaux,16.8,0,Dubos
616,CH. BERNADOTTE,2009,75cl,Bordeaux,14.65,0,Dubos
617,CH. DE CAMENSAC,2009,75cl,Bordeaux,26.5,0,Dubos
618,CH. DE LAMARQUE,2009,75cl,Bordeaux,11.95,0,Dubos
619,CH. LANESSAN,2009,75cl,Bordeaux,16.5,0,Dubos
620,CH. DU MOULIN ROUGE (OR BDX),2009,75cl,Bordeaux,8.6,0,Dubos
621,CH. FOURCAS DUPRE,2009,75cl,Bordeaux,10.5,0,Dubos
622,CHAPELLE DE POTENSAC,2009,75cl,Bordeaux,9.75,0,Dubos
623,SEIGNEUR DE LA TOUR CARNET,2009,75cl,Bordeaux,11.95,0,Dubos
624,CH. MESSILE AUBERT,2009,75cl,Bordeaux,13.5,0,Dubos
625,CH. AUSONE,2009,75cl,Bordeaux,1350.0,0,Dubos
626,CH. BELLEFONT BELCIER,2009,75cl,Bordeaux,31.0,0,Dubos
627,CH. CANON,2009,75cl,Bordeaux,128.0,0,Dubos
628,CHAPELLE D'AUSONE,2009,75cl,Bordeaux,195.0,0,Dubos
629,CH. LANIOTE,2009,75cl,Bordeaux,28.0,0,Dubos
630,CH. LE PRIEURE,2009,75cl,Bordeaux,26.0,0,Dubos
631,CHATEAU LA CABANNE,2009,75cl,Bordeaux,34.0,0,Dubos
632,PETRUS,2009,75cl,Bordeaux,2995.0,0,Dubos
633,CH. LA POINTE,2009,75cl,Bordeaux,32.0,0,Dubos
634,CH. DALEM,2009,75cl,Bordeaux,16.5,0,Dubos
635,LA CHAPELLE DE LA MISSION,2009,75cl,Bordeaux,74.0,0,Dubos
636,LE CLARENCE DE HAUT BRION,2009,75cl,Bordeaux,90.0,0,Dubos
637,CH. HAUT BRION,2009,75cl,Bordeaux,780.0,0,Dubos
638,CH. LESPAULT-MARTILLAC,2009,75cl,Bordeaux,17.5,0,Dubos
639,CH. LA MISSION HAUT BRION BLANC,2009,75cl,Bordeaux,560.0,0,Dubos
640,CH. COUTET,2009,75cl,Bordeaux,48.0,0,Dubos
641,CARMES DE RIEUSSEC,2009,75cl,Bordeaux,15.5,0,Dubos
642,CH. DE FARGUES,2009,75cl,Bordeaux,90.0,0,Dubos
643,PAVILLON BLANC DU CH. MARGAUX,2009,75cl,Bordeaux,155.0,0,Dubos
644,CH. COS LABORY,2010,75cl,Bordeaux,27.0,0,Dubos
645,CH. LAFON ROCHET,2010,75cl,Bordeaux,36.0,0,Dubos
646,CH. ORMES DE PEZ,2010,75cl,Bordeaux,25.0,0,Dubos
647,LES PAGODES DE COS,2010,75cl,Bordeaux,40.0,0,Dubos
648,CH. SERILHAN,2010,75cl,Bordeaux,12.9,0,Dubos
649,CH. TRONQUOY LALANDE,2010,75cl,Bordeaux,25.0,0,Dubos
650,CH. CLERC MILON,2010,75cl,Bordeaux,75.0,0,Dubos
651,LES FORTS DE LATOUR,2010,75cl,Bordeaux,178.0,0,Dubos
652,CH. HAUT DE LA BECADE,2010,75cl,Bordeaux,15.0,0,Dubos
653,CH. LAFITE ROTHSCHILD,2010,75cl,Bordeaux,750.0,0,Dubos
654,CH. MOUTON ROTHSCHILD,2010,75cl,Bordeaux,680.0,0,Dubos
655,CH. PEDESCLAUX,2010,75cl,Bordeaux,29.0,0,Dubos
656,PETIT MOUTON,2010,75cl,Bordeaux,158.0,0,Dubos
657,CH. PICHON LALANDE,2010,75cl,Bordeaux,138.0,0,Dubos
658,RESERVE DE LA COMTESSE,2010,75cl,Bordeaux,31.0,0,Dubos
659,CH. BEYCHEVELLE,2010,75cl,Bordeaux,80.0,0,Dubos
660,CROIX DE BEAUCAILLOU,2010,75cl,Bordeaux,37.5,0,Dubos
661,DULUC DE BRANAIRE DUCRU,2010,75cl,Bordeaux,19.9,0,Dubos
662,CH. LAGRANGE,2010,75cl,Bordeaux,39.8,0,Dubos
663,CH. LANGOA BARTON,2010,75cl,Bordeaux,49.0,0,Dubos
664,CH. LEOVILLE LAS CASES,2010,75cl,Bordeaux,185.0,0,Dubos
665,LE PETIT LION DU MARQUIS DE LAS CASES,2010,75cl,Bordeaux,38.5,0,Dubos
666,CH. BRANE CANTENAC,2010,75cl,Bordeaux,65.0,0,Dubos
667,CH. DESMIRAIL,2010,75cl,Bordeaux,29.0,0,Dubos
668,CH. FERRIERE,2010,75cl,Bordeaux,44.0,0,Dubos
669,CH. GISCOURS,2010,75cl,Bordeaux,50.0,0,Dubos
670,CH. D'ISSAN,2010,75cl,Bordeaux,57.0,0,Dubos
671,CH. KIRWAN,2010,75cl,Bordeaux,48.0,0,Dubos
672,CH. LASCOMBES,2010,75cl,Bordeaux,72.0,0,Dubos
673,CH. MARGAUX,2010,75cl,Bordeaux,750.0,0,Dubos
674,CH. MARQUIS DE TERME,2010,75cl,Bordeaux,42.0,0,Dubos
675,CH. MONBRISON,2010,75cl,Bordeaux,25.0,0,Dubos
676,LE PAGE DE LA TOUR DE BESSAN,2010,75cl,Bordeaux,10.75,0,Dubos
677,CH. PRIEURE LICHINE,2010,75cl,Bordeaux,39.9,0,Dubos
678,CH. SIRAN,2010,75cl,Bordeaux,20.0,0,Dubos
679,CH. TOUR MASSAC,2010,75cl,Bordeaux,16.4,0,Dubos
680,CH. BERNADOTTE,2010,75cl,Bordeaux,12.8,0,Dubos
681,CH. CITRAN,2010,75cl,Bordeaux,13.7,0,Dubos
682,LA CLOSERIE DE CAMENSAC,2010,75cl,Bordeaux,9.85,0,Dubos
683,CH. COUFRAN,2010,75cl,Bordeaux,11.0,0,Dubos
684,LA DEMOISELLE DE SOCIANDO MALLET,2010,75cl,Bordeaux,13.5,0,Dubos
685,LE HAUT-MEDOC DE MONBRISON,2010,75cl,Bordeaux,8.95,0,Dubos
686,CH. LARRIVAUX,2010,75cl,Bordeaux,8.5,0,Dubos
687,CH. DE MALLERET,2010,75cl,Bordeaux,8.98,0,Dubos
688,CH. DU MOULIN ROUGE,2010,75cl,Bordeaux,8.25,0,Dubos
689,CH. FOURCAS DUPRE,2010,75cl,Bordeaux,9.8,0,Dubos
690,CHAPELLE DE POTENSAC,2010,75cl,Bordeaux,9.65,0,Dubos
691,CH. LES GRANDS CHENES,2010,75cl,Bordeaux,13.0,0,Dubos
692,SEIGNEUR DE LA TOUR CARNET,2010,75cl,Bordeaux,11.4,0,Dubos
693,CH. LA DOMINIQUE,2010,75cl,Bordeaux,36.0,0,Dubos
694,CH. LES GRANDES MURAILLES,2010,75cl,Bordeaux,38.0,0,Dubos
695,CH. LANIOTE,2010,75cl,Bordeaux,23.5,0,Dubos
696,CHATEAU LA CABANNE,2010,75cl,Bordeaux,32.5,0,Dubos
697,CH. LA FLEUR DE GAY,2010,75cl,Bordeaux,70.0,0,Dubos
698,CH. NENIN,2010,75cl,Bordeaux,48.0,0,Dubos
699,CH. LA POINTE,2010,75cl,Bordeaux,27.8,0,Dubos
700,DOMAINE DE CHEVALIER,2010,75cl,Bordeaux,63.0,0,Dubos
701,LE CLARENCE DE HAUT BRION,2010,75cl,Bordeaux,98.0,0,Dubos
702,CH. DE FIEUZAL,2010,75cl,Bordeaux,35.6,0,Dubos
703,CH. HAUT BRION,2010,75cl,Bordeaux,695.0,0,Dubos
704,CH. LESPAULT-MARTILLAC,2010,75cl,Bordeaux,16.95,0,Dubos
705,CH. LA MISSION HAUT BRION,2010,75cl,Bordeaux,525.0,0,Dubos
706,CH. COUTET,2010,75cl,Bordeaux,42.0,0,Dubos
707,CARMES DE RIEUSSEC,2010,75cl,Bordeaux,14.5,0,Dubos
708,CH. GUIRAUD,2010,75cl,Bordeaux,31.5,0,Dubos
709,CH. SUDUIRAUT,2010,75cl,Bordeaux,48.5,0,Dubos
710,CH. FERET-LAMBERT,2010,75cl,Bordeaux,6.5,0,Dubos
711,PAVILLON BLANC DU CH. MARGAUX,2010,75cl,Bordeaux,155.0,0,Dubos
712,CH. COS LABORY,2011,75cl,Bordeaux,21.4,0,Dubos
713,FRANK PHELAN,2011,75cl,Bordeaux,13.0,0,Dubos
714,CH. HAUT MARBUZET,2011,75cl,Bordeaux,22.5,0,Dubos
715,LES HAUTS DE PEZ,2011,75cl,Bordeaux,8.75,0,Dubos
716,CH. LAFON ROCHET,2011,75cl,Bordeaux,31.0,0,Dubos
717,MARQUIS DE CALON,2011,75cl,Bordeaux,14.25,0,Dubos
718,CH. ORMES DE PEZ,2011,75cl,Bordeaux,18.5,0,Dubos
719,LES PAGODES DE COS,2011,75cl,Bordeaux,33.9,0,Dubos
720,CH. PHELAN SEGUR,2011,75cl,Bordeaux,24.8,0,Dubos
721,CH. SERILHAN,2011,75cl,Bordeaux,11.9,0,Dubos
722,CH. TRONQUOY LALANDE,2011,75cl,Bordeaux,19.5,0,Dubos
723,CH. D'ARMAILHAC,2011,75cl,Bordeaux,35.0,0,Dubos
724,CH. CLERC MILON,2011,75cl,Bordeaux,57.0,0,Dubos
725,CH. CROIZET BAGES,2011,75cl,Bordeaux,23.0,0,Dubos
726,CH. DUHART MILON ROTHSCHILD,2011,75cl,Bordeaux,59.0,0,Dubos
727,FLEUR DE PEDESCLAUX,2011,75cl,Bordeaux,13.98,0,Dubos
728,CH. GRAND PUY LACOSTE,2011,75cl,Bordeaux,39.8,0,Dubos
729,CH. HAUT BAGES LIBERAL,2011,75cl,Bordeaux,23.8,0,Dubos
730,CH. HAUT BATAILLEY,2011,75cl,Bordeaux,23.9,0,Dubos
731,LACOSTE BORIE,2011,75cl,Bordeaux,16.8,0,Dubos
732,CH. LYNCH MOUSSAS,2011,75cl,Bordeaux,22.5,0,Dubos
733,CH. MOUTON ROTHSCHILD,2011,75cl,Bordeaux,360.0,0,Dubos
734,CH. PEDESCLAUX,2011,75cl,Bordeaux,24.0,0,Dubos
735,CH. PICHON BARON,2011,75cl,Bordeaux,72.0,0,Dubos
736,CH. BEYCHEVELLE,2011,75cl,Bordeaux,69.0,0,Dubos
737,CH. BRANAIRE DUCRU,2011,75cl,Bordeaux,35.8,0,Dubos
738,CROIX DE BEAUCAILLOU,2011,75cl,Bordeaux,24.0,0,Dubos
739,DULUC DE BRANAIRE DUCRU,2011,75cl,Bordeaux,16.5,0,Dubos
740,CH. LALANDE,2011,75cl,Bordeaux,12.4,0,Dubos
741,CH. LALANDE BORIE,2011,75cl,Bordeaux,14.95,0,Dubos
742,CH. LANGOA BARTON,2011,75cl,Bordeaux,32.5,0,Dubos
743,CH. LEOVILLE BARTON,2011,75cl,Bordeaux,49.5,0,Dubos
744,CH. LEOVILLE LAS CASES,2011,75cl,Bordeaux,112.0,0,Dubos
745,CH. SAINT PIERRE,2011,75cl,Bordeaux,35.0,0,Dubos
746,LE BARON DE BRANE,2011,75cl,Bordeaux,16.5,0,Dubos
747,BLASON D'ISSAN,2011,75cl,Bordeaux,15.5,0,Dubos
748,CH. CANTENAC BROWN,2011,75cl,Bordeaux,32.5,0,Dubos
749,CH. DESMIRAIL,2011,75cl,Bordeaux,20.0,0,Dubos
750,LES HAUTS DU TERTRE,2011,75cl,Bordeaux,14.8,0,Dubos
751,CH. LASCOMBES,2011,75cl,Bordeaux,60.0,0,Dubos
752,CH. MARQUIS D'ALESME BECKER,2011,75cl,Bordeaux,23.0,0,Dubos
753,CH. MONBRISON,2011,75cl,Bordeaux,19.85,0,Dubos
754,LE PAGE DE LA TOUR DE BESSAN,2011,75cl,Bordeaux,9.85,0,Dubos
755,CH. SIRAN,2011,75cl,Bordeaux,16.5,0,Dubos
756,CH. LA TOUR DE BESSAN,2011,75cl,Bordeaux,11.0,0,Dubos
757,LES ALLEES DE CANTEMERLE,2011,75cl,Bordeaux,9.8,0,Dubos
758,CH. BERNADOTTE,2011,75cl,Bordeaux,11.25,0,Dubos
759,CH. CAMBON LA PELOUSE,2011,75cl,Bordeaux,9.6,0,Dubos
760,CH. CANTEMERLE,2011,75cl,Bordeaux,19.5,0,Dubos
761,LA CLOSERIE DE CAMENSAC,2011,75cl,Bordeaux,8.4,0,Dubos
762,LA DEMOISELLE DE SOCIANDO MALLET,2011,75cl,Bordeaux,10.75,0,Dubos
763,LE HAUT-MEDOC DE GISCOURS,2011,75cl,Bordeaux,11.9,0,Dubos
764,LE HAUT-MEDOC DE HAUT-BAGES LIBERAL,2011,75cl,Bordeaux,6.95,0,Dubos
765,HAUT-MEDOC DE MAUCAILLOU,2011,75cl,Bordeaux,6.5,0,Dubos
766,LE HAUT-MEDOC DE MONBRISON,2011,75cl,Bordeaux,8.5,0,Dubos
767,CH. LANESSAN,2011,75cl,Bordeaux,9.5,0,Dubos
768,CH. LARRIVAUX,2011,75cl,Bordeaux,7.3,0,Dubos
769,CH. DE MALLERET,2011,75cl,Bordeaux,7.6,0,Dubos
770,CH. DU MOULIN ROUGE,2011,75cl,Bordeaux,7.5,0,Dubos
771,CH. FOURCAS DUPRE,2011,75cl,Bordeaux,7.95,0,Dubos
772,CH. CAROLINE,2011,75cl,Bordeaux,7.25,0,Dubos
773,CH. MAUVESIN BARTON,2011,75cl,Bordeaux,10.0,0,Dubos
774,CH. POUJEAUX,2011,75cl,Bordeaux,18.0,0,Dubos
775,LA SALLE DE CH. POUJEAUX,2011,75cl,Bordeaux,8.5,0,Dubos
776,CHAPELLE DE POTENSAC,2011,75cl,Bordeaux,7.25,0,Dubos
777,CH. POTENSAC,2011,75cl,Bordeaux,13.4,0,Dubos
778,CH. CARTIER,2011,75cl,Bordeaux,9.9,0,Dubos
779,CH. CHEVAL BLANC,2011,75cl,Bordeaux,475.0,0,Dubos
780,CLOS FOURTET,2011,75cl,Bordeaux,75.0,0,Dubos
781,CH. CORBIN,2011,75cl,Bordeaux,18.0,0,Dubos
782,CH. LA DOMINIQUE,2011,75cl,Bordeaux,26.5,0,Dubos
783,DRAGON DE QUINTUS,2011,75cl,Bordeaux,25.0,0,Dubos
784,L'ESQUISSE DE LA TOUR FIGEAC,2011,75cl,Bordeaux,10.75,0,Dubos
785,CH. GRAND CORBIN DESPAGNE,2011,75cl,Bordeaux,17.0,0,Dubos
786,CH. LANIOTE,2011,75cl,Bordeaux,17.95,0,Dubos
787,MAGREZ FOMBRAUGE,2011,75cl,Bordeaux,80.0,0,Dubos
788,CH. MOULIN SAINT GEORGES,2011,75cl,Bordeaux,21.8,0,Dubos
789,CH. PAVIE MACQUIN,2011,75cl,Bordeaux,45.0,0,Dubos
790,PETIT CHEVAL,2011,75cl,Bordeaux,120.0,0,Dubos
791,CH. QUINTUS,2011,75cl,Bordeaux,96.5,0,Dubos
792,XX DE CORBIN,2011,75cl,Bordeaux,11.0,0,Dubos
793,CHATEAU LA CABANNE,2011,75cl,Bordeaux,28.0,0,Dubos
794,CH. L'EVANGILE,2011,75cl,Bordeaux,98.0,0,Dubos
795,CH. NENIN,2011,75cl,Bordeaux,31.0,0,Dubos
796,CH. PETIT VILLAGE,2011,75cl,Bordeaux,42.0,0,Dubos
797,CH. ROUGET,2011,75cl,Bordeaux,25.4,0,Dubos
798,CH. CANON PECRESSE,2011,75cl,Bordeaux,8.65,0,Dubos
799,CH. BROWN ROUGE,2011,75cl,Bordeaux,14.5,0,Dubos
800,CH. CARBONNIEUX,2011,75cl,Bordeaux,26.5,0,Dubos
801,LA CHAPELLE DE LA MISSION,2011,75cl,Bordeaux,48.0,0,Dubos
802,LES CHENES DE BOUSCAUT ROUGE,2011,75cl,Bordeaux,9.6,0,Dubos
803,LE CLARENCE DE HAUT BRION,2011,75cl,Bordeaux,72.0,0,Dubos
804,LE DAUPHIN D'OLIVIER,2011,75cl,Bordeaux,10.5,0,Dubos
805,CH. LESPAULT MARTILLAC,2011,75cl,Bordeaux,15.75,0,Dubos
806,CH. OLIVIER,2011,75cl,Bordeaux,18.5,0,Dubos
807,CH. PAPE CLEMENT,2011,75cl,Bordeaux,68.0,0,Dubos
808,LA PARDE DE HAUT BAILLY,2011,75cl,Bordeaux,16.8,0,Dubos
809,LA RESERVE DE MALARTIC,2011,75cl,Bordeaux,10.5,0,Dubos
810,CHARTREUSE DE COUTET,2011,75cl,Bordeaux,12.95,0,Dubos
811,CH. COUTET,2011,75cl,Bordeaux,42.0,0,Dubos
812,CARMES DE RIEUSSEC,2011,75cl,Bordeaux,14.5,0,Dubos
813,CH. GUIRAUD,2011,75cl,Bordeaux,48.0,0,Dubos
814,CH. SIGALAS RABAUD,2011,75cl,Bordeaux,28.5,0,Dubos
815,CH. SUDUIRAUT,2011,75cl,Bordeaux,45.0,0,Dubos
816,CH. D'YQUEM,2011,75cl,Bordeaux,250.0,0,Dubos
817,CH. D'AIGUILHE,2011,75cl,Bordeaux,13.0,0,Dubos
818,SAINT JACQUES DE SIRAN,2011,75cl,Bordeaux,4.95,0,Dubos
819,AILE D'ARGENT,2011,75cl,Bordeaux,48.0,0,Dubos
820,CH. COS LABORY,2012,75cl,Bordeaux,19.4,0,Dubos
821,FRANK PHELAN,2012,75cl,Bordeaux,13.1,0,Dubos
822,CH. HAUT MARBUZET,2012,75cl,Bordeaux,23.0,0,Dubos
823,LES HAUTS DE PEZ,2012,75cl,Bordeaux,8.75,0,Dubos
824,CH. LAFON ROCHET,2012,75cl,Bordeaux,29.5,0,Dubos
825,CH. LILIAN LADOUYS,2012,75cl,Bordeaux,13.5,0,Dubos
826,MARQUIS DE CALON,2012,75cl,Bordeaux,14.25,0,Dubos
827,CH. MONTROSE,2012,75cl,Bordeaux,59.8,0,Dubos
828,CH. ORMES DE PEZ,2012,75cl,Bordeaux,17.0,0,Dubos
829,CH. PHELAN SEGUR,2012,75cl,Bordeaux,23.5,0,Dubos
830,CH. CROIZET BAGES,2012,75cl,Bordeaux,21.8,0,Dubos
831,CH. DUHART MILON ROTHSCHILD,2012,75cl,Bordeaux,53.0,0,Dubos
832,ECHO DE LYNCH BAGES,2012,75cl,Bordeaux,25.0,0,Dubos
833,FLEUR DE PEDESCLAUX,2012,75cl,Bordeaux,13.98,0,Dubos
834,CH. GRAND PUY LACOSTE,2012,75cl,Bordeaux,38.5,0,Dubos
835,CH. HAUT BAGES LIBERAL,2012,75cl,Bordeaux,22.5,0,Dubos
836,LACOSTE BORIE,2012,75cl,Bordeaux,16.0,0,Dubos
837,CH. LYNCH BAGES,2012,75cl,Bordeaux,83.0,0,Dubos
838,CH. LYNCH MOUSSAS,2012,75cl,Bordeaux,21.8,0,Dubos
839,CH. MOUTON ROTHSCHILD,2012,75cl,Bordeaux,350.0,0,Dubos
840,CH. PEDESCLAUX,2012,75cl,Bordeaux,24.0,0,Dubos
841,PETIT MOUTON,2012,75cl,Bordeaux,152.0,0,Dubos
842,CH. PONTET CANET,2012,75cl,Bordeaux,68.0,0,Dubos
843,CH. BEYCHEVELLE,2012,75cl,Bordeaux,62.0,0,Dubos
844,CH. BRANAIRE DUCRU,2012,75cl,Bordeaux,33.0,0,Dubos
845,CLOS DU MARQUIS,2012,75cl,Bordeaux,34.8,0,Dubos
846,CROIX DE BEAUCAILLOU,2012,75cl,Bordeaux,24.0,0,Dubos
847,CH. DUCRU BEAUCAILLOU,2012,75cl,Bordeaux,85.0,0,Dubos
848,DULUC DE BRANAIRE DUCRU,2012,75cl,Bordeaux,15.6,0,Dubos
849,LES FIEFS DE LAGRANGE,2012,75cl,Bordeaux,14.5,0,Dubos
850,CH. GLORIA,2012,75cl,Bordeaux,21.8,0,Dubos
851,CH. LAGRANGE,2012,75cl,Bordeaux,26.0,0,Dubos
852,CH. LALANDE,2012,75cl,Bordeaux,12.4,0,Dubos
853,CH. LANGOA BARTON,2012,75cl,Bordeaux,32.5,0,Dubos
854,CH. LEOVILLE BARTON,2012,75cl,Bordeaux,49.5,0,Dubos
855,CH. SAINT PIERRE,2012,75cl,Bordeaux,32.0,0,Dubos
856,ALTER EGO DE PALMER,2012,75cl,Bordeaux,51.0,0,Dubos
857,LE BARON DE BRANE,2012,75cl,Bordeaux,16.5,0,Dubos
858,BLASON D'ISSAN,2012,75cl,Bordeaux,15.5,0,Dubos
859,BRIO DU CH. CANTENAC BROWN,2012,75cl,Bordeaux,17.4,0,Dubos
860,CH. CANTENAC BROWN,2012,75cl,Bordeaux,29.6,0,Dubos
861,CH. DESMIRAIL,2012,75cl,Bordeaux,19.4,0,Dubos
862,CH. GISCOURS,2012,75cl,Bordeaux,35.0,0,Dubos
863,CH. LA GURGUE,2012,75cl,Bordeaux,14.5,0,Dubos
864,LES HAUTS DU TERTRE,2012,75cl,Bordeaux,13.95,0,Dubos
865,CH. LASCOMBES,2012,75cl,Bordeaux,60.0,0,Dubos
866,CH. MARGAUX,2012,75cl,Bordeaux,360.0,0,Dubos
867,CH. MARQUIS D'ALESME BECKER,2012,75cl,Bordeaux,23.0,0,Dubos
868,CH. MONBRISON,2012,75cl,Bordeaux,17.5,0,Dubos
869,LE PAGE DE LA TOUR DE BESSAN,2012,75cl,Bordeaux,9.85,0,Dubos
870,CH. PRIEURE LICHINE,2012,75cl,Bordeaux,25.0,0,Dubos
871,CH. SIRAN,2012,75cl,Bordeaux,14.5,0,Dubos
872,S DE SIRAN,2012,75cl,Bordeaux,11.0,0,Dubos
873,CH. LA TOUR DE BESSAN,2012,75cl,Bordeaux,11.0,0,Dubos
874,LES ALLEES DE CANTEMERLE,2012,75cl,Bordeaux,9.25,0,Dubos
875,BEL AIR DE SIRAN,2012,75cl,Bordeaux,5.95,0,Dubos
876,CH. DE CANDALE,2012,75cl,Bordeaux,9.25,0,Dubos
877,CH. CANTEMERLE,2012,75cl,Bordeaux,18.5,0,Dubos
878,CH. CHARMAIL,2012,75cl,Bordeaux,10.95,0,Dubos
879,LA CLOSERIE DE CAMENSAC,2012,75cl,Bordeaux,8.4,0,Dubos
880,LA DEMOISELLE DE SOCIANDO MALLET,2012,75cl,Bordeaux,10.75,0,Dubos
881,LE HAUT-MEDOC DE HAUT-BAGES LIBERAL,2012,75cl,Bordeaux,7.2,0,Dubos
882,HAUT-MEDOC DE MAUCAILLOU,2012,75cl,Bordeaux,6.5,0,Dubos
883,LE HAUT-MEDOC DE MONBRISON,2012,75cl,Bordeaux,8.5,0,Dubos
884,L'HERITAGE DE CHASSE SPLEEN,2012,75cl,Bordeaux,9.85,0,Dubos
885,CH. LA LAGUNE,2012,75cl,Bordeaux,36.8,0,Dubos
886,CH. LANESSAN,2012,75cl,Bordeaux,9.2,0,Dubos
887,CH. LARRIVAUX,2012,75cl,Bordeaux,7.25,0,Dubos
888,L'ORME DE RAUZAN GASSIES,2012,75cl,Bordeaux,9.5,0,Dubos
889,CH. SENEJAC,2012,75cl,Bordeaux,8.25,0,Dubos
890,CH. LA TOUR CARNET,2012,75cl,Bordeaux,22.8,0,Dubos
891,CH. FOURCAS DUPRE,2012,75cl,Bordeaux,7.95,0,Dubos
892,CH. CHASSE SPLEEN,2012,75cl,Bordeaux,21.0,0,Dubos
893,CH. MAUCAILLOU,2012,75cl,Bordeaux,14.5,0,Dubos
894,CH. MAUVESIN BARTON,2012,75cl,Bordeaux,10.0,0,Dubos
895,CH. POUJEAUX,2012,75cl,Bordeaux,17.5,0,Dubos
896,LA SALLE DE CH. POUJEAUX,2012,75cl,Bordeaux,8.4,0,Dubos
897,CHAPELLE DE POTENSAC,2012,75cl,Bordeaux,6.95,0,Dubos
898,CH. LES GRANDS CHENES,2012,75cl,Bordeaux,9.7,0,Dubos
899,CH. POTENSAC,2012,75cl,Bordeaux,12.95,0,Dubos
900,CH. CANON,2012,75cl,Bordeaux,55.0,0,Dubos
901,CLOS FOURTET,2012,75cl,Bordeaux,78.0,0,Dubos
902,CH. CORBIN,2012,75cl,Bordeaux,18.9,0,Dubos
903,CH. COTE DE BALEAU,2012,75cl,Bordeaux,13.9,0,Dubos
904,CH. LA CROIX FIGEAC,2012,75cl,Bordeaux,12.5,0,Dubos
905,CH. DASSAULT,2012,75cl,Bordeaux,19.65,0,Dubos
906,CH. LA DOMINIQUE,2012,75cl,Bordeaux,28.0,0,Dubos
907,DRAGON DE QUINTUS,2012,75cl,Bordeaux,18.5,0,Dubos
908,CH. FONROQUE,2012,75cl,Bordeaux,16.0,0,Dubos
909,CH. GRAND CORBIN DESPAGNE,2012,75cl,Bordeaux,16.2,0,Dubos
910,CH. LANIOTE,2012,75cl,Bordeaux,17.95,0,Dubos
911,MAGREZ FOMBRAUGE,2012,75cl,Bordeaux,80.0,0,Dubos
912,PETIT CHEVAL,2012,75cl,Bordeaux,115.0,0,Dubos
913,CH. LE PRIEURE,2012,75cl,Bordeaux,22.0,0,Dubos
914,CH. QUINTUS,2012,75cl,Bordeaux,72.0,0,Dubos
915,XX DE CORBIN,2012,75cl,Bordeaux,10.9,0,Dubos
916,CHATEAU LA CABANNE,2012,75cl,Bordeaux,28.0,0,Dubos
917,CH. LA CROIX DU CASSE,2012,75cl,Bordeaux,17.8,0,Dubos
918,CH. L'EVANGILE,2012,75cl,Bordeaux,100.0,0,Dubos
919,CH. FAYAT,2012,75cl,Bordeaux,18.5,0,Dubos
920,CH. LE GAY,2012,75cl,Bordeaux,56.0,0,Dubos
921,MANOIR DE GAY,2012,75cl,Bordeaux,15.0,0,Dubos
922,CH. NENIN,2012,75cl,Bordeaux,32.0,0,Dubos
923,PETRUS,2012,75cl,Bordeaux,1960.0,0,Dubos
924,CH. LA POINTE,2012,75cl,Bordeaux,24.5,0,Dubos
925,CH. ROUGET,2012,75cl,Bordeaux,26.0,0,Dubos
926,CH. TAILLEFER,2012,75cl,Bordeaux,13.95,0,Dubos
927,CH. BOUSCAUT ROUGE,2012,75cl,Bordeaux,20.0,0,Dubos
928,CH. BROWN ROUGE,2012,75cl,Bordeaux,14.25,0,Dubos
929,LA CHAPELLE DE LA MISSION,2012,75cl,Bordeaux,38.0,0,Dubos
930,LES CHENES DE BOUSCAUT ROUGE,2012,75cl,Bordeaux,9.6,0,Dubos
931,LE DAUPHIN D'OLIVIER,2012,75cl,Bordeaux,9.98,0,Dubos
932,CH. FERRAN ROUGE,2012,75cl,Bordeaux,8.95,0,Dubos
933,CH. HAUT BRION,2012,75cl,Bordeaux,365.0,0,Dubos
934,CH. LESPAULT-MARTILLAC,2012,75cl,Bordeaux,15.9,0,Dubos
935,CH. LA MISSION HAUT BRION,2012,75cl,Bordeaux,165.0,0,Dubos
936,CH. OLIVIER,2012,75cl,Bordeaux,18.2,0,Dubos
937,CH. BROWN BLANC,2012,75cl,Bordeaux,18.5,0,Dubos
938,CH. CARBONNIEUX BLANC,2012,75cl,Bordeaux,21.8,0,Dubos
939,LE DAUPHIN D'OLIVIER,2012,75cl,Bordeaux,10.75,0,Dubos
940,CH. HAUT BRION,2012,75cl,Bordeaux,695.0,0,Dubos
941,CLOS FLORIDENE ROUGE,2012,75cl,Bordeaux,10.9,0,Dubos
942,CH. CLIMENS,2012,75cl,Bordeaux,42.5,0,Dubos
943,CH. COUTET,2012,75cl,Bordeaux,31.0,0,Dubos
944,CH. DOISY DAENE,2012,75cl,Bordeaux,27.0,0,Dubos
945,CARMES DE RIEUSSEC,2012,75cl,Bordeaux,14.5,0,Dubos
946,CH. SIGALAS RABAUD,2012,75cl,Bordeaux,28.0,0,Dubos
947,SAINT JACQUES DE SIRAN,2012,75cl,Bordeaux,4.95,0,Dubos
948,OPUS ONE,2012,75cl,Napa,215.0,0,Dubos
949,CH. CALON SEGUR,2013,75cl,Bordeaux,65.0,0,Dubos
950,CH. CAPBERN GASQUETON,2013,75cl,Bordeaux,11.5,0,Dubos
951,LA DAME DE MONTROSE,2013,75cl,Bordeaux,20.0,0,Dubos
952,CH. DOMEYNE,2013,75cl,Bordeaux,10.6,0,Dubos
953,FRANK PHELAN,2013,75cl,Bordeaux,13.1,0,Dubos
954,CH. HAUT MARBUZET,2013,75cl,Bordeaux,22.5,0,Dubos
955,CH. LILIAN LADOUYS,2013,75cl,Bordeaux,11.6,0,Dubos
956,CH. MONTROSE,2013,75cl,Bordeaux,57.6,0,Dubos
957,CH. ORMES DE PEZ,2013,75cl,Bordeaux,15.9,0,Dubos
958,CH. PHELAN SEGUR,2013,75cl,Bordeaux,21.4,0,Dubos
959,CH. CLERC MILON,2013,75cl,Bordeaux,48.0,0,Dubos
960,CH. CROIZET BAGES,2013,75cl,Bordeaux,20.8,0,Dubos
961,ECHO DE LYNCH BAGES,2013,75cl,Bordeaux,21.0,0,Dubos
962,FLEUR DE PEDESCLAUX,2013,75cl,Bordeaux,13.6,0,Dubos
963,CH. GRAND PUY DUCASSE,2013,75cl,Bordeaux,22.8,0,Dubos
964,CH. GRAND PUY LACOSTE,2013,75cl,Bordeaux,33.0,0,Dubos
965,CH. HAUT BATAILLEY,2013,75cl,Bordeaux,21.9,0,Dubos
966,LACOSTE BORIE,2013,75cl,Bordeaux,14.5,0,Dubos
967,CH. LAFITE ROTHSCHILD,2013,75cl,Bordeaux,375.0,0,Dubos
968,CH. LYNCH BAGES,2013,75cl,Bordeaux,72.0,0,Dubos
969,CH. MOUTON ROTHSCHILD,2013,75cl,Bordeaux,315.0,0,Dubos
970,CH. PEDESCLAUX,2013,75cl,Bordeaux,19.0,0,Dubos
971,PETIT MOUTON,2013,75cl,Bordeaux,140.0,0,Dubos
972,CH. PICHON BARON,2013,75cl,Bordeaux,65.0,0,Dubos
973,CH. PONTET CANET,2013,75cl,Bordeaux,63.0,0,Dubos
974,CH. BRANAIRE DUCRU,2013,75cl,Bordeaux,28.0,0,Dubos
975,CH. DUCRU BEAUCAILLOU,2013,75cl,Bordeaux,79.0,0,Dubos
976,LES FIEFS DE LAGRANGE,2013,75cl,Bordeaux,14.5,0,Dubos
977,CH. GLORIA,2013,75cl,Bordeaux,20.6,0,Dubos
978,CH. LALANDE,2013,75cl,Bordeaux,11.4,0,Dubos
979,CH. LALANDE BORIE,2013,75cl,Bordeaux,14.35,0,Dubos
980,CH. LANGOA BARTON,2013,75cl,Bordeaux,30.0,0,Dubos
981,CH. LEOVILLE BARTON,2013,75cl,Bordeaux,45.0,0,Dubos
982,CH. SAINT PIERRE,2013,75cl,Bordeaux,28.8,0,Dubos
983,ALTER EGO DE PALMER,2013,75cl,Bordeaux,39.8,0,Dubos
984,LE BARON DE BRANE,2013,75cl,Bordeaux,14.5,0,Dubos
985,BLASON D'ISSAN,2013,75cl,Bordeaux,14.5,0,Dubos
986,CH. BOYD CANTENAC,2013,75cl,Bordeaux,32.0,0,Dubos
987,BRIO DU CH. CANTENAC BROWN,2013,75cl,Bordeaux,15.5,0,Dubos
988,CH. CANTENAC BROWN,2013,75cl,Bordeaux,25.0,0,Dubos
989,CH. DESMIRAIL,2013,75cl,Bordeaux,18.25,0,Dubos
990,CH. GISCOURS,2013,75cl,Bordeaux,32.9,0,Dubos
991,CH. LA GURGUE,2013,75cl,Bordeaux,12.0,0,Dubos
992,LES HAUTS DU TERTRE,2013,75cl,Bordeaux,13.25,0,Dubos
993,CH. D'ISSAN,2013,75cl,Bordeaux,31.0,0,Dubos
994,CH. KIRWAN,2013,75cl,Bordeaux,23.0,0,Dubos
995,CH. LASCOMBES,2013,75cl,Bordeaux,44.5,0,Dubos
996,CH. MARGAUX,2013,75cl,Bordeaux,310.0,0,Dubos
997,CH. MONBRISON,2013,75cl,Bordeaux,15.95,0,Dubos
998,CH. RAUZAN SEGLA,2013,75cl,Bordeaux,40.0,0,Dubos
999,CH. SIRAN,2013,75cl,Bordeaux,13.95,0,Dubos
1000,LA SIRENE DE GISCOURS,2013,75cl,Bordeaux,17.8,0,Dubos
1001,S DE SIRAN,2013,75cl,Bordeaux,10.5,0,Dubos
1002,CH. DU TERTRE,2013,75cl,Bordeaux,24.0,0,Dubos
1003,CH. LA TOUR DE BESSAN,2013,75cl,Bordeaux,10.6,0,Dubos
1004,LES ALLEES DE CANTEMERLE,2013,75cl,Bordeaux,9.0,0,Dubos
1005,CH. CANTEMERLE,2013,75cl,Bordeaux,17.5,0,Dubos
1006,LA CLOSERIE DE CAMENSAC,2013,75cl,Bordeaux,8.25,0,Dubos
1007,LE HAUT-MEDOC DE GISCOURS,2013,75cl,Bordeaux,10.8,0,Dubos
1008,HAUT-MEDOC DE MAUCAILLOU,2013,75cl,Bordeaux,6.35,0,Dubos
1009,L'HERITAGE DE CHASSE SPLEEN,2013,75cl,Bordeaux,9.25,0,Dubos
1010,CH. LA LAGUNE,2013,75cl,Bordeaux,26.95,0,Dubos
1011,CH. LANESSAN,2013,75cl,Bordeaux,8.95,0,Dubos
1012,CH. LARRIVAUX,2013,75cl,Bordeaux,7.15,0,Dubos
1013,L'ORME DE RAUZAN GASSIES,2013,75cl,Bordeaux,8.95,0,Dubos
1014,CH. SENEJAC,2013,75cl,Bordeaux,8.25,0,Dubos
1015,CH. FOURCAS DUPRE,2013,75cl,Bordeaux,7.85,0,Dubos
1016,CH. CHASSE SPLEEN,2013,75cl,Bordeaux,18.25,0,Dubos
1017,CH. MAUCAILLOU,2013,75cl,Bordeaux,12.8,0,Dubos
1018,N°2 DE MAUCAILLOU,2013,75cl,Bordeaux,9.25,0,Dubos
1019,CH. POUJEAUX,2013,75cl,Bordeaux,16.25,0,Dubos
1020,CHAPELLE DE POTENSAC,2013,75cl,Bordeaux,6.8,0,Dubos
1021,GOULEE,2013,75cl,Bordeaux,16.8,0,Dubos
1022,CH. LES GRANDS CHENES,2013,75cl,Bordeaux,9.6,0,Dubos
1023,CH. POTENSAC,2013,75cl,Bordeaux,12.5,0,Dubos
1024,CH. CANON,2013,75cl,Bordeaux,39.0,0,Dubos
1025,CH. CHEVAL BLANC,2013,75cl,Bordeaux,335.0,0,Dubos
1026,CLOS FOURTET,2013,75cl,Bordeaux,56.0,0,Dubos
1027,CH. LA CONFESSION,2013,75cl,Bordeaux,19.75,0,Dubos
1028,CH. CORBIN,2013,75cl,Bordeaux,16.9,0,Dubos
1029,CH. DASSAULT,2013,75cl,Bordeaux,18.8,0,Dubos
1030,CH. LA DOMINIQUE,2013,75cl,Bordeaux,25.0,0,Dubos
1031,DRAGON DE QUINTUS,2013,75cl,Bordeaux,15.65,0,Dubos
1032,L'ESQUISSE DE LA TOUR FIGEAC,2013,75cl,Bordeaux,9.5,0,Dubos
1033,CHÂTEAU FAURIE DE SOUCHARD,2013,75cl,Bordeaux,22.5,0,Dubos
1034,CH. FIGEAC,2013,75cl,Bordeaux,58.0,0,Dubos
1035,CH. FLEUR CARDINALE,2013,75cl,Bordeaux,22.9,0,Dubos
1036,CH. DE FONBEL,2013,75cl,Bordeaux,10.75,0,Dubos
1037,CH. FONROQUE,2013,75cl,Bordeaux,14.95,0,Dubos
1038,CH. GRAND CORBIN DESPAGNE,2013,75cl,Bordeaux,15.6,0,Dubos
1039,LES JARDINS DE SOUTARD,2013,75cl,Bordeaux,9.95,0,Dubos
1040,CH. LANIOTE,2013,75cl,Bordeaux,17.0,0,Dubos
1041,CH. QUINTUS,2013,75cl,Bordeaux,60.0,0,Dubos
1042,CH. LA TOUR FIGEAC,2013,75cl,Bordeaux,23.0,0,Dubos
1043,CH. TROPLONG MONDOT,2013,75cl,Bordeaux,55.0,0,Dubos
1044,CH. LA CROIX DU CASSE,2013,75cl,Bordeaux,15.0,0,Dubos
1045,CH. LA CROIX DE GAY,2013,75cl,Bordeaux,18.8,0,Dubos
1046,CH. LA CROIX SAINT GEORGES,2013,75cl,Bordeaux,28.0,0,Dubos
1047,CH. L'EVANGILE,2013,75cl,Bordeaux,98.0,0,Dubos
1048,CH. FAYAT,2013,75cl,Bordeaux,17.0,0,Dubos
1049,CH. LA FLEUR DE GAY,2013,75cl,Bordeaux,52.5,0,Dubos
1050,FUGUE DE NENIN,2013,75cl,Bordeaux,15.95,0,Dubos
1051,CH. LE GAY,2013,75cl,Bordeaux,49.8,0,Dubos
1052,CH. GAZIN,2013,75cl,Bordeaux,40.0,0,Dubos
1053,MANOIR DE GAY,2013,75cl,Bordeaux,14.5,0,Dubos
1054,CH. MAZEYRES,2013,75cl,Bordeaux,15.0,0,Dubos
1055,CH. NENIN,2013,75cl,Bordeaux,29.5,0,Dubos
1056,CH. LA POINTE,2013,75cl,Bordeaux,19.4,0,Dubos
1057,LE SEUIL DE MAZEYRES,2013,75cl,Bordeaux,11.5,0,Dubos
1058,CH. TAILLEFER,2013,75cl,Bordeaux,13.4,0,Dubos
1059,CH. BOUSCAUT ROUGE,2013,75cl,Bordeaux,15.95,0,Dubos
1060,CH. BROWN ROUGE,2013,75cl,Bordeaux,13.0,0,Dubos
1061,LA CHAPELLE DE LA MISSION,2013,75cl,Bordeaux,31.0,0,Dubos
1062,LES CHENES DE BOUSCAUT ROUGE,2013,75cl,Bordeaux,9.4,0,Dubos
1063,DOMAINE DE CHEVALIER,2013,75cl,Bordeaux,29.5,0,Dubos
1064,LE CLEMENTIN DE PAPE CLEMENT,2013,75cl,Bordeaux,16.4,0,Dubos
1065,CH. HAUT BRION,2013,75cl,Bordeaux,295.0,0,Dubos
1066,CH. LATOUR MARTILLAC,2013,75cl,Bordeaux,17.8,0,Dubos
1067,CH. OLIVIER,2013,75cl,Bordeaux,16.6,0,Dubos
1068,CH. SMITH HAUT LAFITTE,2013,75cl,Bordeaux,43.95,0,Dubos
1069,CH. BOUSCAUT BLANC,2013,75cl,Bordeaux,20.5,0,Dubos
1070,CH. BROWN BLANC,2013,75cl,Bordeaux,18.0,0,Dubos
1071,LA CLARTE DE HAUT BRION,2013,75cl,Bordeaux,63.0,0,Dubos
1072,LE CLEMENTIN DE PAPE CLEMENT,2013,75cl,Bordeaux,31.5,0,Dubos
1073,LE DAUPHIN D'OLIVIER,2013,75cl,Bordeaux,10.8,0,Dubos
1074,CH. LA MISSION HAUT BRION BLANC,2013,75cl,Bordeaux,480.0,0,Dubos
1075,CH. OLIVIER,2013,75cl,Bordeaux,19.0,0,Dubos
1076,CH. PAPE CLEMENT,2013,75cl,Bordeaux,91.5,0,Dubos
1077,CH. DOISY DAENE,2013,75cl,Bordeaux,28.0,0,Dubos
1078,CARMES DE RIEUSSEC,2013,75cl,Bordeaux,14.5,0,Dubos
1079,CH. SUDUIRAUT,2013,75cl,Bordeaux,42.0,0,Dubos
1080,CH. D'YQUEM,2013,75cl,Bordeaux,250.0,0,Dubos
1081,CH. D'AIGUILHE,2013,75cl,Bordeaux,12.4,0,Dubos
1082,BORDEAUX DE MAUCAILLOU,2013,75cl,Bordeaux,4.0,0,Dubos
1083,MOULIN D'ISSAN,2013,75cl,Bordeaux,7.5,0,Dubos
1084,AILE D'ARGENT,2013,75cl,Bordeaux,48.0,0,Dubos
1085,CH. MARJOSSE BLANC,2013,75cl,Bordeaux,5.4,0,Dubos
1086,LA DAME DE MONTROSE,2014,75cl,Bordeaux,25.0,0,Dubos
1087,CH. DUHART MILON ROTHSCHILD,2014,75cl,Bordeaux,45.0,0,Dubos
1088,CH. LYNCH MOUSSAS,2014,75cl,Bordeaux,21.9,0,Dubos
1089,CH. PEDESCLAUX,2014,75cl,Bordeaux,24.0,0,Dubos
1090,RESERVE DE LA COMTESSE,2014,75cl,Bordeaux,22.8,0,Dubos
1091,CONNETABLE DE TALBOT,2014,75cl,Bordeaux,16.5,0,Dubos
1092,LES FIEFS DE LAGRANGE,2014,75cl,Bordeaux,15.3,0,Dubos
1093,CH. GRUAUD LAROSE,2014,75cl,Bordeaux,43.0,0,Dubos
1094,SARGET DE GRUAUD LAROSE,2014,75cl,Bordeaux,18.5,0,Dubos
1095,BLASON D'ISSAN,2014,75cl,Bordeaux,14.5,0,Dubos
1096,CONFIDENCES DE PRIEURE LICHINE,2014,75cl,Bordeaux,12.95,0,Dubos
1097,CH. D'ISSAN,2014,75cl,Bordeaux,31.5,0,Dubos
1098,MARGAUX DE BRANE,2014,75cl,Bordeaux,11.4,0,Dubos
1099,LE PAGE DE LA TOUR DE BESSAN,2014,75cl,Bordeaux,10.0,0,Dubos
1100,LA CLOSERIE DE CAMENSAC,2014,75cl,Bordeaux,8.4,0,Dubos
1101,LES PENSEES DE LA TOUR CARNET,2014,75cl,Bordeaux,10.4,0,Dubos
1102,CH. LA TOUR CARNET,2014,75cl,Bordeaux,21.8,0,Dubos
1103,N°2 DE MAUCAILLOU,2014,75cl,Bordeaux,9.25,0,Dubos
1104,CH. POTENSAC,2014,75cl,Bordeaux,14.35,0,Dubos
1105,CH. CARTIER,2014,75cl,Bordeaux,9.6,0,Dubos
1106,CHÂTEAU FAURIE DE SOUCHARD,2014,75cl,Bordeaux,22.5,0,Dubos
1107,CH. FLEUR CARDINALE,2014,75cl,Bordeaux,27.0,0,Dubos
1108,CH. FONROQUE,2014,75cl,Bordeaux,15.75,0,Dubos
1109,PRELUDE DE FOMBRAUGE,2014,75cl,Bordeaux,9.5,0,Dubos
1110,CH. ROL VALENTIN,2014,75cl,Bordeaux,21.9,0,Dubos
1111,CH. LA CROIX DU CASSE,2014,75cl,Bordeaux,15.7,0,Dubos
1112,CH. L'EVANGILE,2014,75cl,Bordeaux,92.0,0,Dubos
1113,FUGUE DE NENIN,2014,75cl,Bordeaux,15.95,0,Dubos
1114,CH. GAZIN,2014,75cl,Bordeaux,48.0,0,Dubos
1115,MANOIR DE GAY,2014,75cl,Bordeaux,15.9,0,Dubos
1116,CH. LA POINTE,2014,75cl,Bordeaux,21.2,0,Dubos
1117,CH. TAILLEFER,2014,75cl,Bordeaux,13.95,0,Dubos
1118,LE CLEMENTIN DE PAPE CLEMENT,2014,75cl,Bordeaux,16.9,0,Dubos
1119,CH. FERRAN,2014,75cl,Bordeaux,8.95,0,Dubos
1120,CH. PAPE CLEMENT,2014,75cl,Bordeaux,56.0,0,Dubos
1121,LA RESERVE DE MALARTIC RGE,2014,75cl,Bordeaux,11.6,0,Dubos
1122,CH. BOUSCAUT BLANC,2014,75cl,Bordeaux,21.0,0,Dubos
1123,CH. BROWN BLANC,2014,75cl,Bordeaux,17.5,0,Dubos
1124,LES CHENES DE BOUSCAUT BLANC,2014,75cl,Bordeaux,10.5,0,Dubos
1125,LA CLARTE DE HAUT BRION,2014,75cl,Bordeaux,63.0,0,Dubos
1126,LE CLEMENTIN DE PAPE CLEMENT,2014,75cl,Bordeaux,31.5,0,Dubos
1127,LE DAUPHIN D'OLIVIER,2014,75cl,Bordeaux,10.9,0,Dubos
1128,CH. FERRAN BLANC,2014,75cl,Bordeaux,9.5,0,Dubos
1129,CH. HAUT BRION,2014,75cl,Bordeaux,695.0,0,Dubos
1130,CH. LARRIVET HAUT-BRION,2014,75cl,Bordeaux,23.0,0,Dubos
1131,CH. LA LOUVIERE,2014,75cl,Bordeaux,16.9,0,Dubos
1132,CH. LA MISSION HAUT BRION BLANC,2014,75cl,Bordeaux,480.0,0,Dubos
1133,CH. OLIVIER,2014,75cl,Bordeaux,18.0,0,Dubos
1134,CH. TOUR LEOGNAN BLANC,2014,75cl,Bordeaux,8.9,0,Dubos
1135,CLOS FLORIDENE,2014,75cl,Bordeaux,12.5,0,Dubos
1136,CARMES DE RIEUSSEC,2014,75cl,Bordeaux,14.5,0,Dubos
1137,CH. CLOS HAUT PEYRAGUEY,2014,75cl,Bordeaux,23.0,0,Dubos
1138,CH. REYNON,2014,75cl,Bordeaux,7.5,0,Dubos
1139,CH. PUYGUERAUD,2014,75cl,Bordeaux,8.5,0,Dubos
1140,CH. CROIX MOUTON,2014,75cl,Bordeaux,6.95,0,Dubos
1141,AILE D'ARGENT,2014,75cl,Bordeaux,48.0,0,Dubos
1142,ALTO DE CANTENAC BROWN,2014,75cl,Bordeaux,15.5,0,Dubos
1143,LES ARUMS DE LAGRANGE,2014,75cl,Bordeaux,14.5,0,Dubos
1144,CH. DOISY DAENE,2014,75cl,Bordeaux,12.5,0,Dubos
1145,PAVILLON BLANC DU CH. MARGAUX,2014,75cl,Bordeaux,145.0,0,Dubos
1146,CH. REYNON,2014,75cl,Bordeaux,5.95,0,Dubos
1147,"""R"" de RIEUSSEC",2014,75cl,Bordeaux,12.8,0,Dubos
1148,LA SEMILLANTE DE SIGALAS,2014,75cl,Bordeaux,10.25,0,Dubos
1149,"""Y"" D'YQUEM",2014,75cl,Bordeaux,92.0,0,Dubos
1150,CH. MARJOSSE BLANC,2014,75cl,Bordeaux,5.4,0,Dubos
1151,BORDEAUX BLANC DE MAUCAILLOU,2015,75cl,Bordeaux,4.0,0,Dubos
1152,"CLOS DES LUNES ""LUNE D'ARGENT""",2015,75cl,Bordeaux,8.75,0,Dubos
1153,"""R"" de RIEUSSEC",2015,75cl,Bordeaux,12.8,0,Dubos
1154,CH. MARJOSSE BLANC,2015,75cl,Bordeaux,5.4,0,Dubos
