,VINTAGE,ESTATE,APPELLATION,COLOR,CLASSIFICATION,QUANTITY,VOLUME,PACKING,PRICE,WA
0,1936,CH. LATOUR,PAUILLAC        ,RED,1CC,32,BT,OWC12,950.0,-
1,1978,CH. COS D'ESTOURNEL,SAINT ESTEPHE   ,RED,2CC,5,BT,VRAC,225.0,80
2,1982,CH. COS D'ESTOURNEL,SAINT ESTEPHE   ,RED,2CC,12,BT,OWC12,520.0,95
3,1982,CH. DUCRU BEAUCAILLOU,SAINT JULIEN,RED,2CC,36,BT,OWC6,358.0,96
4,1985,CH. DUCRU BEAUCAILLOU,SAINT JULIEN,RED,2CC,36,BT,OWC6,132.0,92
5,1986,CH. DUCRU BEAUCAILLOU,SAINT JULIEN,RED,2CC,18,BT,OWC6,130.0,92
6,1996,CH. CALON SEGUR,SAINT ESTEPHE   ,RED,3CC,168,BT,OWC12,80.0,92
7,1996,CH. LYNCH BAGES,PAUILLAC        ,RED,5CC,120,BT,OWC12,155.0,93
8,1997,CH. LABEGORCE ZEDE,MARGAUX,RED,,24,DM,OWC24,12.0,86-87
9,1997,CH. RIEUSSEC,SAUTERNES       ,SWEET,1CC,234,BT,,60.0,91
10,1998,CH. LEOVILLE LAS CASES,SAINT JULIEN,RED,2CC,96,BT,OWC12,155.0,93
11,1998,CH. PALMER,MARGAUX         ,RED,3CC,30,BT,OWC6,210.0,91
12,1998,CH. POTENSAC,MEDOC,RED,,72,BT,OWC12,23.0,87
13,1999,CH. AIGUILHE (D'),CASTILLON COTES DE BORDEAUX,RED,,84,BT,OWC12,18.0,87
14,1999,CH. EVANGILE (L'),POMEROL         ,RED,,36,BT,OWC6,103.0,89
15,1999,CH. MALLE (DE),SAUTERNES       ,SWEET,2CC,12,BT,OWC12,21.0,-
16,1999,CH. REYNON,BORDEAUX,WHITE,,120,BT,OWC12,5.2,-
17,2000,CH. CALON SEGUR,SAINT ESTEPHE   ,RED,3CC,276,BT,OWC12,85.0,91
18,2000,CH. PALMER,MARGAUX         ,RED,3CC,180,BT,OWC12,270.0,95
19,2000,CH. PONTET CANET,PAUILLAC,RED,5CC,42,BT,OWC6,105.0,94
20,2000,CH. POUGET,MARGAUX,RED,4CC,12,BT,OWC12,72.0,
21,2002,CH. BELLEVUE,MEDOC,RED,,96,DM,CB12,2.5,87
22,2002,CH. RIEUSSEC,SAUTERNES       ,SWEET,1CC,216,BT,OWC12,34.0,90
23,2002,MAROJALLIA,MARGAUX         ,RED,,132,BT,OWC6,31.5,90
24,2003,CH. BARDE HAUT,SAINT EMILION GRAND CRU,RED,,8,BT,CB12,17.0,88
25,2003,CH. LAFITE ROTHSCHILD,PAUILLAC        ,RED,1CC,12,BT,OWC6,900.0,100
26,2003,CH. PICQUE CAILLOU BLANC,PESSAC LEOGNAN  ,WHITE,,18,BT,OWC6,8.8,-
27,2003,CH. SENEJAC,HAUT MEDOC,RED,,180,BT,CB6,12.5,89
28,2003,CH. TEYNAC,SAINT JULIEN,RED,,96,BT,OWC12,13.75,
29,2003,CLOS L'EGLISE,POMEROL,RED,,180,BT,OWC6,47.5,89
30,2003,RESERVE DE LA COMTESSE (LA),PAUILLAC        ,RED,2nd,240,BT,OWC12,34.0,88
31,2004,CARRUADES DE LAFITE,PAUILLAC,RED,2nd,24,BT,OWC12,200.0,89-90
32,2004,CH. COUTET,BARSAC          ,SWEET,1CC,60,BT,-,26.5,
33,2004,CH. GAY (LE),POMEROL         ,RED,,84,BT,-,50.0,
34,2004,CH. PAVIE,SAINT EMILION GRAND CRU   ,RED,CC1A,48,BT,OWC12,190.0,94
35,2004,CH. PICHON LALANDE,PAUILLAC,RED,2CC,30,BT,-,95.0,92
36,2004,CH. RIEUSSEC,SAUTERNES       ,SWEET,1CC,6,MG,OWC6,51.0,91
37,2005,CH. CARBONNIEUX BLANC,PESSAC LEOGNAN,WHITE,CC,24,DM,CB24,10.75,93
38,2005,CH. COS D'ESTOURNEL,SAINT ESTEPHE   ,RED,2CC,24,BT,-,165.0,97
39,2005,CH. LEOVILLE LAS CASES,SAINT JULIEN,RED,2CC,24,BT,-,235.0,97+
40,2005,CH. LYNCH BAGES,PAUILLAC        ,RED,5CC,60,BT,OWC12,150.0,92
41,2005,CH. PALMER,MARGAUX,RED,3CC,300,BT,OWC6,275.0,98
42,2005,CH. PICQUE CAILLOU BLANC,PESSAC LEOGNAN  ,WHITE,,102,BT,OWC6,9.5,-
43,2005,CH. SUDUIRAUT,SAUTERNES       ,SWEET,1CC,72,BT,OWC12,41.0,-
44,2005,CH. YQUEM (D'),SAUTERNES       ,SWEET,1CCSUP,54,BT,OWC12,480.0,95-98
45,2006,CH. BRANE CANTENAC,MARGAUX,RED,2CC,48,BT,-,41.5,94
46,2006,CH. CHEVAL BLANC,SAINT EMILION GRAND CRU   ,RED,CC1A,300,BT,OWC12,350.0,97
47,2006,CH. DUHART MILON ROTHSCHILD,PAUILLAC        ,RED,4CC,90,BT,OWC6,165.0,92
48,2006,CH. LAVILLE HAUT BRION (BLANC),PESSAC LEOGNAN  ,WHITE,,8,BT,OWC6,327.0,98
49,2006,CH. LEOVILLE LAS CASES,SAINT JULIEN,RED,2CC,264,BT,OWC12,120.0,96
50,2006,CH. LOUIS,SAINT EMILION GRAND CRU   ,RED,,600,BT,OWC6,26.0,90
51,2006,CH. PICHON LALANDE,PAUILLAC,RED,2CC,180,BT,OWC12,95.0,95
52,2006,CH. PICQUE CAILLOU BLANC,PESSAC LEOGNAN  ,WHITE,,168,BT,OWC6,9.5,-
53,2006,CH. PONTET CANET,PAUILLAC,RED,5CC,348,BT,OWC6,90.0,95
54,2006,CH. SUDUIRAUT,SAUTERNES       ,SWEET,1CC,12,BT,OWC12,33.5,93
55,2006,CH. TROPLONG MONDOT,SAINT EMILION GRAND CRU   ,RED,CC1B,168,BT,OWC12,72.0,93
56,2007,CARRUADES DE LAFITE,PAUILLAC,RED,2nd,48,BT,OWC12,205.0,90
57,2007,CH. BRUN,SAINT EMILION GRAND CRU,RED,,12,MG,CB6,15.9,-
58,2007,CH. DU PARC,SAINT EMILION GRAND CRU,RED,CC,384,BT,OWC12,8.75,
59,2007,CH. LOUIS,SAINT EMILION GRAND CRU   ,RED,,528,BT,OWC6,26.0,-
60,2007,CH. LYNCH BAGES,PAUILLAC        ,RED,5CC,6,BT,OWC6,96.0,92
61,2007,CH. MARJOSSE,BORDEAUX,RED,,48,BT,CB12,5.0,-
62,2007,CH. PAVIE DECESSE,SAINT EMILION GRAND CRU,RED,CC,6,BT,OWC6,95.0,92-94
63,2007,CH. RIEUSSEC,SAUTERNES       ,SWEET,1CC,600,BT,-,43.5,93
64,2007,CH. RIEUSSEC,SAUTERNES       ,SWEET,1CC,600,DM,OWC24,21.5,93
65,2007,CH. SUDUIRAUT,SAUTERNES       ,SWEET,1CC,36,BT,OWC12,38.0,93
66,2007,CH. YQUEM (D'),SAUTERNES       ,SWEET,1CCSUP,54,BT,-,380.0,98
67,2007,CHEVALIER DE LASCOMBES,MARGAUX,RED,2nd,600,BT,OWC12,18.2,
68,2007,MONDOT,SAINT EMILION GRAND CRU,RED,2nd,24,BT,OWC12,15.5,-
69,2008,CH. AUSONE,SAINT EMILION GRAND CRU,RED,CC1A,3,BT,OWC3,580.0,98
70,2008,CH. BELLEVUE MONDOTTE,SAINT EMILION GRAND CRU,RED,,72,BT,OWC12,135.0,95+
71,2008,CH. COUTET,BARSAC          ,SWEET,1CC,12,BT,OWC12,30.0,92
72,2008,CH. DOMINIQUE (LA),SAINT EMILION GRAND CRU,RED,CC,336,BT,OWC6,26.5,90
73,2008,CH. DUHART MILON ROTHSCHILD,PAUILLAC        ,RED,4CC,600,BT,-,70.0,94
74,2008,CH. FARGUES (DE),SAUTERNES       ,SWEET,,6,BT,OWC6,68.0,95
75,2008,CH. GRESSIER GRAND POUJEAUX ,MOULIS,RED,,600,BT,CB12,11.0,
76,2008,CH. LEOVILLE LAS CASES,SAINT JULIEN,RED,2CC,12,BT,OWC12,130.0,92
77,2008,CH. MARGAUX,MARGAUX         ,RED,1CC,42,BT,OWC6,390.0,94
78,2008,CH. MARQUIS D'ALESME,MARGAUX         ,RED,5CC,36,BT,OWC12,34.0,83-85
79,2008,CH. PAVIE DECESSE,SAINT EMILION GRAND CRU,RED,CC,12,BT,OWC12,77.0,94+
80,2008,CH. PICHON LALANDE,PAUILLAC,RED,2CC,300,BT,OWC6,95.0,92
81,2008,CH. PONTET CANET,PAUILLAC        ,RED,5CC,258,BT,OWC12,86.0,96
82,2009,CARRUADES DE LAFITE,PAUILLAC,RED,2nd,60,BT,OWC12,185.0,93
83,2009,CH. AUSONE,SAINT EMILION GRAND CRU,RED,CC1A,29,BT,-,1205.0,98+
84,2009,CH. BOUSCAUT BLANC,PESSAC LEOGNAN  ,WHITE,CC,36,BT,OWC12,19.8,-
85,2009,CH. CLOS DE SARPE,SAINT EMILION GRAND CRU,RED,CC,48,BT,OWC6,89.0,87-90
86,2009,CH. COUHINS ROUGE,PESSAC LEOGNAN,RED,CC,48,BT,OWC12,19.0,-
87,2009,CH. COUTET,BARSAC          ,SWEET,1CC,216,BT,OWC12,42.0,95
88,2009,CH. DUHART MILON ROTHSCHILD,PAUILLAC        ,RED,4CC,564,BT,-,80.0,97
89,2009,CH. LAFITE ROTHSCHILD,PAUILLAC        ,RED,1CC,12,BT,OWC12,680.0,99+
90,2009,CH. LEOVILLE LAS CASES,SAINT JULIEN,RED,2CC,6,BT,OWC6,215.0,98
91,2009,CH. LEOVILLE POYFERRE,SAINT JULIEN    ,RED,2CC,138,BT,-,180.0,100
92,2009,CH. LYNCH BAGES,PAUILLAC        ,RED,5CC,48,BT,OWC12,155.0,92
93,2009,CH. MALARTIC LAGRAVIERE BLANC,PESSAC LEOGNAN  ,WHITE,CC,228,BT,OWC12,45.6,95
94,2009,CH. MARGAUX,MARGAUX         ,RED,1CC,54,BT,-,720.0,99
95,2009,CH. MISSION HAUT BRION ROUGE (LA),PESSAC LEOGNAN  ,RED,CC,120,BT,-,625.0,100
96,2009,CH. MOUTON ROTHSCHILD,PAUILLAC        ,RED,1CC,300,BT,OWC12,640.0,99
97,2009,CH. PALMER,MARGAUX         ,RED,3CC,300,BT,,245.0,97
98,2009,CH. PONTET CANET,PAUILLAC        ,RED,5CC,324,BT,-,182.0,100
99,2009,CH. VAL DE ROC,BORDEAUX SUPERIEUR,RED,,428,BT,OWC12,6.0,-
100,2009,CLARENCE DE HAUT BRION (LE),PESSAC LEOGNAN  ,RED,2nd,24,BT,OWC12,87.5,92
101,2009,FORTS DE LATOUR (LES),PAUILLAC        ,RED,2nd,156,BT,OWC12,175.0,95
102,2009,RESERVE DE LA COMTESSE (LA),PAUILLAC        ,RED,2nd,120,BT,OWC12,34.0,91
103,2010,CARRUADES DE LAFITE,PAUILLAC,RED,2nd,60,BT,OWC12,172.0,94
104,2010,CH. AUSONE,SAINT EMILION GRAND CRU,RED,CC1A,25,BT,-,1300.0,98+
105,2010,CH. BERNADOTTE,HAUT MEDOC,RED,,11,BT,OWC12,12.0,89
106,2010,CH. CLOS DE SARPE,SAINT EMILION GRAND CRU,RED,CC,210,BT,OWC6,70.0,96
107,2010,CH. CONSEILLANTE (LA),POMEROL         ,RED,,12,BT,OWC12,155.0,96
108,2010,CH. COS D'ESTOURNEL,SAINT ESTEPHE   ,RED,2CC,36,BT,OWC12,197.0,97+
109,2010,CH. COUHINS BLANC,PESSAC LEOGNAN  ,WHITE,,120,BT,OWC12,14.4,-
110,2010,CH. COUTET,BARSAC          ,SWEET,1CC,216,BT,OWC12,40.0,93-95
111,2010,CH. DOMINIQUE (LA),SAINT EMILION GRAND CRU,RED,CC,600,BT,OWC6,36.0,93
112,2010,CH. DUHART MILON ROTHSCHILD,PAUILLAC,RED,4CC,390,BT,OWC6,65.0,96
113,2010,CH. HAUT BRION ROUGE,PESSAC LEOGNAN  ,RED,1CC,84,BT,-,700.0,100
114,2010,CH. LEOVILLE LAS CASES,SAINT JULIEN    ,RED,2CC,12,BT,OWC12,189.0,96+
115,2010,CH. MALARTIC LAGRAVIERE BLANC,PESSAC LEOGNAN  ,WHITE,CC,48,BT,OWC12,43.0,93
116,2010,CH. MARGAUX,MARGAUX         ,RED,1CC,93,BT,-,660.0,99
117,2010,CH. MISSION HAUT BRION ROUGE (LA),PESSAC LEOGNAN  ,RED,CC,192,BT,OWC12,585.0,98+
118,2010,CH. PAVIE,SAINT EMILION GRAND CRU   ,RED,CC1A,300,BT,OWC6,310.0,100
119,2010,CH. PICHON BARON,PAUILLAC        ,RED,2CC,24,BT,OWC12,145.0,97+
120,2010,CH. PICHON LALANDE,PAUILLAC        ,RED,2CC,252,BT,OWC12,135.0,95+
121,2010,CH. PONTET CANET,PAUILLAC        ,RED,5CC,300,BT,OWC12,175.0,100
122,2010,CH. RIEUSSEC,SAUTERNES       ,SWEET,1CC,60,BT,OWC6,42.0,90-92
123,2010,CLARENCE DE HAUT BRION (LE),PESSAC LEOGNAN  ,RED,2nd,96,BT,OWC12,103.0,93
124,2010,MAROJALLIA,MARGAUX         ,RED,,12,BT,OWC12,52.0,95
125,2010,PAVILLON ROUGE DU CHATEAU MARGAUX,MARGAUX,RED,2nd,60,BT,OWC6,125.0,94
126,2010,RESERVE DE LA COMTESSE (LA),PAUILLAC        ,RED,2nd,486,BT,OWC12,29.5,89
127,2011,CARMES DE RIEUSSEC,SAUTERNES       ,SWEET,,600,BT,CB6,13.1,-
128,2011,CH. AUSONE,SAINT EMILION GRAND CRU   ,RED,CC1A,36,BT,-,553.0,95+
129,2011,CH. BERNADOTTE,HAUT MEDOC   ,RED,,360,BT,OWC12,10.0,86
130,2011,CH. BRANON,PESSAC LEOGNAN  ,RED,,12,BT,OWC6,47.8,94
131,2011,CH. CANON LA GAFFELIERE,SAINT EMILION GRAND CRU   ,RED,CC1B,24,BT,OWC12,41.5,91
132,2011,CH. CANTEMERLE,HAUT MEDOC   ,RED,5CC,6,BT,OWC6,19.5,91
133,2011,CH. CAPBERN GASQUETON,SAINT ESTEPHE   ,RED,,120,BT,OWC12,11.3,85
134,2011,CH. CLOS DE SARPE,SAINT EMILION GRAND CRU,RED,CC,6,BT,OWC6,49.0,96
135,2011,CH. CONSEILLANTE (LA),POMEROL         ,RED,,156,BT,OWC12,72.0,92
136,2011,CH. COS D'ESTOURNEL,SAINT ESTEPHE   ,RED,2CC,60,BT,OWC6,102.0,91
137,2011,CH. COTE DE BALEAU,SAINT EMILION GRAND CRU,RED,,600,BT,OWC12,12.0,86
138,2011,CH. COUTET,BARSAC          ,SWEET,1CC,258,BT,-,37.0,94-96
139,2011,CH. DASSAULT,SAINT EMILION GRAND CRU,RED,CC,24,BT,OWC12,22.5,90
140,2011,CH. DOMINIQUE (LA),SAINT EMILION GRAND CRU,RED,CC,600,BT,OWC6,28.0,93
141,2011,CH. DUHART MILON ROTHSCHILD,PAUILLAC        ,RED,4CC,600,BT,-,57.0,89-91
142,2011,CH. EVANGILE (L'),POMEROL         ,RED,,558,BT,OWC6,98.0,88-90
143,2011,CH. FONBEL (DE),SAINT EMILION GRAND CRU,RED,,480,BT,CB12,11.3,85
144,2011,CH. FOURCAS DUPRE,LISTRAC         ,RED,,60,BT,OWC12,7.8,84
145,2011,CH. GAY (LE),POMEROL         ,RED,,84,BT,OWC12,69.0,94
146,2011,CH. GAZIN,POMEROL         ,RED,,132,BT,OWC12,44.0,93+
147,2011,CH. GLORIA,SAINT JULIEN    ,RED,,24,BT,OWC12,22.0,
148,2011,CH. GRESSIER GRAND POUJEAUX ,MOULIS,RED,,600,BT,CB12,9.8,
149,2011,CH. GRUAUD LAROSE,SAINT JULIEN,RED,2CC,24,BT,OWC12,42.0,89
150,2011,CH. GUIRAUD,SAUTERNES       ,SWEET,1CC,72,DM,OWC24,22.0,88-90
151,2011,CH. HAUT BATAILLEY,PAUILLAC        ,RED,5CC,48,BT,OWC12,24.0,88
152,2011,CH. HAUT MARBUZET,SAINT ESTEPHE   ,RED,,48,BT,OWC12,21.0,88
153,2011,CH. LARCIS DUCASSE,SAINT EMILION GRAND CRU   ,RED,CC1B,168,BT,OWC12,34.2,90
154,2011,CH. LEOVILLE BARTON,SAINT JULIEN    ,RED,2CC,48,BT,OWC12,48.0,88+
155,2011,CH. LOUIS,SAINT EMILION GRAND CRU   ,RED,,108,BT,OWC12,26.1,93
156,2011,CH. MAGREZ FOMBRAUGE,BORDEAUX BLANC,WHITE,,12,BT,OWC6,13.7,89-91
157,2011,CH. MARGAUX,MARGAUX         ,RED,1CC,12,BT,OWC6,370.0,93
158,2011,CH. MAUVESIN BARTON,MOULIS          ,RED,,240,BT,OWC12,9.4,-
159,2011,CH. MEYNEY,SAINT ESTEPHE   ,RED,,204,BT,OWC12,18.6,88-90
160,2011,CH. MISSION HAUT BRION BLANC (LA),PESSAC LEOGNAN  ,WHITE,CC,60,BT,OWC12,600.0,94
161,2011,CH. MONTROSE,SAINT ESTEPHE   ,RED,2CC,600,BT,OWC12,69.0,89+
162,2011,CH. MOULIN SAINT GEORGES,SAINT EMILION GRAND CRU   ,RED,,24,BT,OWC12,19.8,88
163,2011,CH. MOUTON ROTHSCHILD,PAUILLAC        ,RED,1CC,300,BT,-,360.0,92+
164,2011,CH. OLIVIER ROUGE,PESSAC LEOGNAN  ,RED,CC,228,BT,OWC12,17.5,89
165,2011,CH. ORMES DE PEZ (LES),SAINT ESTEPHE   ,RED,,204,BT,OWC12,18.0,87-89
166,2011,CH. PAVIE MACQUIN,SAINT EMILION GRAND CRU   ,RED,CC1B,390,BT,-,42.0,92+
167,2011,CH. PONTET CANET,PAUILLAC        ,RED,5CC,204,BT,OWC12,69.0,93+
168,2011,CH. POTENSAC,MEDOC           ,RED,,372,BT,OWC12,13.2,85
169,2011,CH. QUINAULT L'ENCLOS,SAINT EMILION GRAND CRU,RED,CC,168,BT,OWC12,19.2,89
170,2011,CH. QUINTUS,SAINT EMILION GRAND CRU,RED,,60,BT,OWC12,95.2,89
171,2011,CH. RETOUT (DU),HAUT MEDOC,RED,CB,24,BT,OWC12,5.8,86
172,2011,CH. REYNON,CADILLAC COTES DE BORDEAUX,RED,,96,BT,OWC12,7.1,83-85
173,2011,CH. RIEUSSEC,SAUTERNES       ,SWEET,1CC,600,BT,OWC6,43.0,91-93
174,2011,CH. SAINT PIERRE,SAINT JULIEN    ,RED,4CC,396,BT,OWC12,32.7,87+
175,2011,CH. SIRAN,MARGAUX         ,RED,,60,BT,OWC12,16.3,84
176,2011,CH. SMITH HAUT LAFITTE BLANC,PESSAC LEOGNAN,WHITE,,12,BT,OWC12,58.0,89
177,2011,CH. TEYSSIER,SAINT EMILION GRAND CRU,RED,,600,BT,OWC12,10.0,88
178,2011,CH. TRONQUOY LALANDE,SAINT ESTEPHE   ,RED,,600,BT,OWC12,19.0,88
179,2011,CH. TROPLONG MONDOT,SAINT EMILION GRAND CRU   ,RED,CC1B,660,BT,OWC12,55.0,95
180,2011,CHAPELLE DE LA MISSION HAUT BRION (LA),PESSAC LEOGNAN  ,RED,2nd,480,BT,OWC12,46.0,88
181,2011,CLARENCE DE HAUT BRION (LE),PESSAC LEOGNAN  ,RED,2nd,600,BT,-,66.8,90
182,2011,CLOS DU MARQUIS,SAINT JULIEN    ,RED,2nd,12,BT,OWC12,31.0,89+
183,2011,CLOS FOURTET,SAINT EMILION GRAND CRU   ,RED,CC1B,7,BT,VRAC,55.0,93
184,2011,CLOS L'EGLISE,POMEROL         ,RED,,24,BT,OWC6,60.0,93
185,2011,CROIX DE BEAUCAILLOU (LA),SAINT JULIEN    ,RED,2nd,600,BT,OWC12,24.0,88
186,2011,DAME DE MONTROSE (LA),SAINT ESTEPHE   ,RED,2nd,600,BT,OWC12,22.2,86
187,2011,DOME (LE),SAINT EMILION GRAND CRU,RED,,600,BT,OWC12,69.0,94
188,2011,DULUC DE BRANAIRE,SAINT JULIEN,RED,2nd,504,BT,OWC6,15.5,-
189,2011,FORTS DE LATOUR (LES),PAUILLAC        ,RED,2nd,12,BT,OWC12,140.0,90-92
190,2011,FORTS DE LATOUR (LES),PAUILLAC        ,RED,2nd,6,BT,OWC6,140.0,90-92
191,2011,MAROJALLIA,MARGAUX         ,RED,,120,BT,OWC12,48.0,92
192,2011,MARQUIS DE CALON (LE),SAINT ESTEPHE   ,RED,2nd,240,BT,OWC12,13.45,85
193,2011,PAGODES DE COS (LES),SAINT ESTEPHE   ,RED,2nd,24,BT,OWC12,29.0,88
194,2011,PARDE DE HAUT BAILLY (LA),PESSAC LEOGNAN  ,RED,2nd,84,BT,OWC12,16.2,89
195,2011,VIEUX CHÂTEAU CERTAN,POMEROL         ,RED,,90,BT,OWC12,115.0,91
196,2011,VIEUX CHÂTEAU SAINT ANDRE,MONTAGNE SAINT EMILION,RED,,180,BT,OWC12,8.0,-
197,2012,BRIO DE CANTENAC BROWN,MARGAUX,RED,2nd,66,BT,CB6,14.5,-
198,2012,CARMES DE RIEUSSEC,SAUTERNES,SWEET,,600,BT,CB6,13.5,-
199,2012,CH. BERLIQUET,SAINT EMILION GRAND CRU,RED,CC,108,BT,OWC12,19.9,89+
200,2012,CH. BOYD CANTENAC,MARGAUX,RED,3CC,12,BT,OWC12,32.2,-
201,2012,CH. BOYD CANTENAC,MARGAUX,RED,3CC,12,BT,OWC6,32.2,-
202,2012,CH. BRANON,PESSAC LEOGNAN,RED,,30,BT,OWC6,39.9,94
203,2012,CH. CAMENSAC,HAUT MEDOC,RED,5CC,204,BT,OWC12,16.5,86
204,2012,CH. CANTEMERLE,HAUT MEDOC,RED,5CC,120,BT,OWC6,18.0,88
205,2012,CH. CAP DE MOURLIN,SAINT EMILION GRAND CRU,RED,CC,6,BT,OWC6,15.0,90-92
206,2012,CH. CARONNE SAINTE GEMME,HAUT MEDOC,RED,,48,BT,CB6,8.0,-
207,2012,CH. CHEVAL BLANC,SAINT EMILION GRAND CRU,RED,CC1A,300,BT,OWC6,345.0,94
208,2012,CH. CLOS DE SARPE,SAINT EMILION GRAND CRU,RED,CC,108,BT,OWC12,48.0,95+
209,2012,CH. COS D'ESTOURNEL,SAINT ESTEPHE,RED,2CC,486,BT,OWC6,89.0,93+
210,2012,CH. COUTET,BARSAC,SWEET,1CC,420,BT,OWC6,31.2,90-92
211,2012,CH. CROIZET BAGES,PAUILLAC,RED,5CC,48,BT,OWC12,20.4,88
212,2012,CH. DUCRU BEAUCAILLOU,SAINT JULIEN,RED,2CC,444,BT,OWC6,80.0,90-92
213,2012,CH. DUHART MILON ROTHSCHILD,PAUILLAC,RED,4CC,600,BT,OWC6,53.0,89
214,2012,CH. FLEUR DE BOUARD (LA),LALANDE DE POMEROL,RED,,240,BT,OWC12,21.6,91
215,2012,CH. FLEUR DE GAY (LA),POMEROL,RED,,36,BT,OWC12,55.0,92
216,2012,CH. FLEUR MORANGE (LA),SAINT EMILION GRAND CRU,RED,CC,48,BT,OWC6,45.0,88
217,2012,CH. FOMBRAUGE,SAINT EMILION GRAND CRU,RED,CC,312,BT,OWC12,14.3,88
218,2012,CH. FOMBRAUGE,SAINT EMILION GRAND CRU,RED,CC,516,BT,OWC6,14.3,88
219,2012,CH. FOMBRAUGE,SAINT EMILION GRAND CRU,RED,CC,600,BT,,14.3,88
220,2012,CH. FONBEL (DE),SAINT EMILION GRAND CRU,RED,,336,BT,CB12,9.8,87-89
221,2012,CH. FONROQUE,SAINT EMILION GRAND CRU,RED,CC,228,BT,OWC12,15.0,90
222,2012,CH. GAY (LE),POMEROL,RED,,12,BT,OWC6,65.0,94+
223,2012,CH. GRACIA,SAINT EMILION GRAND CRU,RED,,84,BT,OWC6,72.0,95+
224,2012,CH. GRAND PUY DUCASSE,PAUILLAC,RED,5CC,336,BT,OWC12,26.0,90
225,2012,CH. GRAND PUY LACOSTE,PAUILLAC,RED,5CC,216,BT,OWC12,33.0,91
226,2012,CH. GRANDES MURAILLES (LES),SAINT EMILION GRAND CRU,RED,CC,60,BT,OWC6,28.0,90
227,2012,CH. GUIRAUD,SAUTERNES,SWEET,1CC,132,BT,OWC6,30.0,90-92
228,2012,CH. HAUT BAILLY,PESSAC LEOGNAN,RED,CC,84,BT,OWC6,62.0,96
229,2012,CH. HAUT BATAILLEY,PAUILLAC,RED,5CC,12,BT,OWC12,25.0,92
230,2012,CH. HAUT BRION BLANC,PESSAC LEOGNAN,WHITE,,42,BT,OWC6,600.0,98
231,2012,CH. HAUT BRION ROUGE,PESSAC LEOGNAN,RED,1CC,180,BT,-,330.0,98
232,2012,CH. HAUT MARBUZET,SAINT ESTEPHE,RED,,6,BT,OWC6,22.0,87
233,2012,CH. LAGRANGE,SAINT JULIEN,RED,3CC,420,BT,OWC6,24.0,86
234,2012,CH. LALANDE BORIE,SAINT JULIEN,RED,,216,BT,OWC12,15.0,86-88
235,2012,CH. LANESSAN,HAUT MEDOC,RED,,594,BT,OWC6,9.0,86
236,2012,CH. LANGOA BARTON,SAINT JULIEN,RED,3CC,6,BT,OWC12,30.5,90
237,2012,CH. LANGOA BARTON,SAINT JULIEN,RED,3CC,600,BT,OWC6,30.5,90
238,2012,CH. MALARTIC LAGRAVIERE BLANC,PESSAC LEOGNAN,WHITE,CC,24,BT,OWC12,35.5,93
239,2012,CH. MALESCOT SAINT EXUPERY,MARGAUX,RED,3CC,90,BT,OWC6,33.0,
240,2012,CH. MISSION HAUT BRION BLANC (LA),PESSAC LEOGNAN,WHITE,CC,42,BT,OWC6,485.0,96-98+
241,2012,CH. MISSION HAUT BRION ROUGE (LA),PESSAC LEOGNAN,RED,CC,222,BT,OWC6,160.0,97
242,2012,CH. MONTROSE,SAINT ESTEPHE,RED,2CC,600,BT,OWC6,58.0,92+
243,2012,CH. NENIN,POMEROL,RED,,12,BT,OWC6,31.0,91-93
244,2012,CH. PALMER,MARGAUX,RED,3CC,300,BT,OWC6,179.0,96
245,2012,CH. PAPE CLEMENT ROUGE,PESSAC LEOGNAN  ,RED,CC,6,BT,OWC6,65.0,97
246,2012,CH. PONTET CANET,PAUILLAC,RED,5CC,12,BT,OWC12,66.0,93
247,2012,CH. POTENSAC,MEDOC,RED,,420,BT,OWC6,12.6,87-89
248,2012,CH. QUINAULT L'ENCLOS,SAINT EMILION GRAND CRU,RED,CC,144,BT,OWC6,19.2,88
249,2012,CH. QUINTUS,SAINT EMILION GRAND CRU,RED,,120,BT,OWC6,71.5,89
250,2012,CH. SENEJAC,HAUT MEDOC,RED,,600,BT,CB6,7.8,87-88
251,2012,CH. SIAURAC,LALANDE DE POMEROL,RED,,24,BT,OWC12,9.0,85-87
252,2012,CH. TEYSSIER,SAINT EMILION GRAND CRU,RED,,600,BT,OWC6,10.0,87
253,2012,CH. TRONQUOY LALANDE,SAINT ESTEPHE,RED,,588,BT,OWC6,18.0,89+
254,2012,CH. TROPLONG MONDOT,SAINT EMILION GRAND CRU,RED,CC1B,264,BT,OWC12,59.0,96
255,2012,CH. VAL DE ROC,BORDEAUX SUPERIEUR,RED,,600,BT,OWC12,5.35,-
256,2012,CHAPELLE D'AUSONE,SAINT EMILION GRAND CRU,RED,2nd,66,BT,OWC6,125.0,93
257,2012,CHAPELLE DE LA MISSION HAUT BRION (LA),PESSAC LEOGNAN,RED,2nd,564,BT,OWC6,36.0,90
258,2012,CLOS FLORIDENE ROUGE,GRAVES,RED,,168,BT,OWC12,10.2,88
259,2012,CLOS L'EGLISE,POMEROL,RED,,84,BT,OWC6,44.0,90
260,2012,CLOS SAINT MARTIN,SAINT EMILION GRAND CRU,RED,CC,6,BT,OWC6,30.0,93
261,2012,DAME DE MONTROSE (LA),SAINT ESTEPHE   ,RED,2nd,600,BT,OWC6,21.0,88
262,2012,DAUPHIN D'OLIVIER (LE),PESSAC LEOGNAN,RED,2nd,600,BT,CB12,9.75,-
263,2012,DOME (LE),SAINT EMILION GRAND CRU,RED,,600,BT,OWC6,71.0,93
264,2012,DRAGON DE QUINTUS (LE),SAINT EMILION GRAND CRU,RED,2nd,414,BT,OWC6,17.5,88
265,2012,DULUC DE BRANAIRE,SAINT JULIEN,RED,2nd,480,BT,OWC6,15.5,-
266,2012,ECHO DE LYNCH BAGES,PAUILLAC,RED,2nd,600,BT,OWC6,22.9,86
267,2012,FIEFS DE LAGRANGE (LES),SAINT JULIEN    ,RED,2nd,234,BT,OWC6,14.0,-
268,2012,HAUT MEDOC DE CH. GISCOURS (LE),HAUT MEDOC,RED,,600,BT,CB12,11.0,-
269,2012,MAROJALLIA,MARGAUX         ,RED,,288,BT,OWC6,33.8,93
270,2012,MARQUIS DE CALON (LE),SAINT ESTEPHE   ,RED,2nd,246,BT,OWC6,13.2,-
271,2012,PAGODES DE COS (LES),SAINT ESTEPHE,RED,2nd,180,BT,OWC6,27.2,88
272,2012,PAVILLON BLANC DU CHATEAU MARGAUX,BORDEAUX,WHITE,2nd,12,BT,OWC12,155.0,90
273,2012,PAVILLON ROUGE DU CHATEAU MARGAUX,MARGAUX,RED,2nd,174,BT,OWC6,116.0,90+
274,2012,PETIT CHEVAL (LE),SAINT EMILION GRAND CRU,RED,2nd,54,BT,OWC6,110.0,86-88
275,2012,VIEUX CHÂTEAU CERTAN,POMEROL,RED,,24,BT,OWC6,135.0,92-94
276,2012,VIEUX CHÂTEAU SAINT ANDRE,MONTAGNE SAINT EMILION,RED,,600,BT,OWC12,8.55,-
277,2012,Y D'YQUEM,BORDEAUX,WHITE,,24,BT,OWC6,110.0,91-93
278,2013,AILE D'ARGENT,BORDEAUX BLANC,WHITE,,426,BT,OWC6,48.0,90-92
279,2013,ALTER EGO DE PALMER,MARGAUX,RED,,3,BT,OWC3,38.5,81-84
280,2013,ALTER EGO DE PALMER,MARGAUX,RED,,600,BT,OWC6,38.5,81-84
281,2013,BRIO DE CANTENAC BROWN,MARGAUX,RED,2nd,120,BT,CB6,14.5,-
282,2013,CARMES DE RIEUSSEC,SAUTERNES,SWEET,,600,BT,CB6,14.5,88-90
283,2013,CARMES DE RIEUSSEC,SAUTERNES,SWEET,,600,DM,CB24,7.25,88-90
284,2013,CH. AIGUILHE (D'),CASTILLON COTES DE BORDEAUX,RED,,108,BT,OWC12,11.8,87-89
285,2013,CH. BEAUREGARD,POMEROL,RED,,102,BT,OWC6,21.6,-
286,2013,CH. BEAUSEJOUR DUFFAU,SAINT EMILION GRAND CRU,RED,CC1B,60,BT,OWC6,48.0,90-92
287,2013,CH. BOUSCAUT BLANC,PESSAC LEOGNAN  ,WHITE,CC,12,BT,OWC6,19.7,-
288,2013,CH. BOUSCAUT ROUGE,PESSAC LEOGNAN  ,RED,CC,6,BT,OWC6,15.0,-
289,2013,CH. BRANAIRE DUCRU,SAINT JULIEN,RED,4CC,150,BT,OWC6,24.9,90-92
290,2013,CH. BRANON,PESSAC LEOGNAN,RED,,6,BT,OWC6,39.9,89-91
291,2013,CH. CAMBON LA PELOUSE,HAUT MEDOC,RED,,120,BT,OWC12,9.0,85-86
292,2013,CH. CANON LA GAFFELIERE,SAINT EMILION GRAND CRU,RED,CC1B,108,BT,OWC6,37.15,87-90
293,2013,CH. CANTEMERLE,HAUT MEDOC   ,RED,5CC,30,BT,OWC6,16.9,86-88
294,2013,CH. CANTENAC,SAINT EMILION GRAND CRU,RED,,84,BT,OWC12,8.3,86
295,2013,CH. CANTENAC BROWN,MARGAUX,RED,3CC,234,BT,OWC6,24.0,88-90+
296,2013,CH. CAP DE FAUGERES,CASTILLON COTES DE BORDEAUX,RED,,120,BT,CB12,7.0,87-88
297,2013,CH. CARONNE SAINTE GEMME,HAUT MEDOC,RED,,36,BT,CB12,7.2,-
298,2013,CH. CHEVAL BLANC,SAINT EMILION GRAND CRU,RED,CC1A,3,BT,OWC3,300.0,89-91
299,2013,CH. CHEVAL BLANC,SAINT EMILION GRAND CRU,RED,CC1A,120,BT,OWC6,300.0,89-91
300,2013,CH. CONSEILLANTE (LA),POMEROL         ,RED,,177,BT,-,57.0,89-91
301,2013,CH. COS D'ESTOURNEL,SAINT ESTEPHE,RED,2CC,414,BT,OWC6,81.5,86-88
302,2013,CH. COTE DE BALEAU,SAINT EMILION GRAND CRU,RED,CC,600,BT,OWC12,12.6,88-91
303,2013,CH. COUTET,BARSAC          ,SWEET,1CC,270,BT,OWC6,24.0,93-95
304,2013,CH. DALEM,FRONSAC,RED,,48,BT,OWC12,10.7,88-90
305,2013,CH. DASSAULT,SAINT EMILION GRAND CRU,RED,CC,36,BT,OWC12,18.0,86-88
306,2013,CH. DASSAULT,SAINT EMILION GRAND CRU,RED,CC,6,BT,OWC6,18.0,86-88
307,2013,CH. DESMIRAIL,MARGAUX,RED,3CC,60,BT,OWC12,17.4,-
308,2013,CH. DUHART MILON ROTHSCHILD,PAUILLAC        ,RED,4CC,600,BT,,48.0,85-87
309,2013,CH. EVANGILE (L'),POMEROL         ,RED,,366,BT,OWC6,100.0,88-89
310,2013,CH. FAUGERES,SAINT EMILION GRAND CRU,RED,CC,72,BT,OWC12,19.2,87-89
311,2013,CH. FAURIE DE SOUCHARD,SAINT EMILION GRAND CRU,RED,,300,BT,OWC12,21.6,-
312,2013,CH. FEYTIT CLINET,POMEROL,RED,,60,BT,OWC12,33.0,90-92
313,2013,CH. FLEUR CARDINALE,SAINT EMILION GRAND CRU,RED,CC,120,BT,OWC12,21.6,89-91
314,2013,CH. FLEUR DE GAY (LA),POMEROL,RED,,60,BT,OWC12,52.0,87-89
315,2013,CH. FONBEL (DE),SAINT EMILION GRAND CRU,RED,,600,BT,CB12,9.3,-
316,2013,CH. GAY (LE),POMEROL,RED,,24,BT,OWC6,48.0,85-87
317,2013,CH. GAZIN,POMEROL         ,RED,,24,BT,OWC6,38.0,90-92
318,2013,CH. GLORIA,SAINT JULIEN    ,RED,,438,BT,OWC6,19.8,87-89
319,2013,CH. GRAND MAYNE,SAINT EMILION GRAND CRU,RED,CC,12,BT,OWC12,21.0,84-86
320,2013,CH. GRAND PUY LACOSTE,PAUILLAC        ,RED,5CC,6,BT,OWC6,31.2,-
321,2013,CH. GRANDES MURAILLES (LES),SAINT EMILION GRAND CRU,RED,CC,60,BT,OWC6,28.0,88-89
322,2013,CH. GURGUE (LA),MARGAUX,RED,,60,BT,OWC12,11.0,-
323,2013,CH. HAUT BAILLY,PESSAC LEOGNAN,RED,CC,156,BT,OWC6,42.0,91-93
324,2013,CH. HAUT BATAILLEY,PAUILLAC        ,RED,5CC,24,BT,OWC12,21.0,-
325,2013,CH. HAUT BATAILLEY,PAUILLAC        ,RED,5CC,6,BT,OWC6,21.0,-
326,2013,CH. HAUT BERGEY,PESSAC LEOGNAN,RED,,108,BT,OWC12,12.5,86-88
327,2013,CH. HAUT MARBUZET,SAINT ESTEPHE   ,RED,,24,BT,OWC12,21.0,83-86
328,2013,CH. LANESSAN,HAUT MEDOC,RED,,180,BT,OWC6,8.85,-
329,2013,CH. LANGOA BARTON,SAINT JULIEN,RED,3CC,600,BT,OWC6,28.5,87-89
330,2013,CH. LARCIS DUCASSE,SAINT EMILION GRAND CRU   ,RED,CC1B,60,BT,OWC12,30.0,88-91
331,2013,CH. LATOUR MARTILLAC ROUGE,PESSAC LEOGNAN,RED,CC,348,BT,OWC12,18.0,90-92
332,2013,CH. LEOVILLE BARTON,SAINT JULIEN,RED,2CC,24,BT,OWC6,42.5,90-92
333,2013,CH. LEOVILLE POYFERRE,SAINT JULIEN,RED,2CC,36,BT,OWC12,38.4,90-92
334,2013,CH. LEOVILLE POYFERRE,SAINT JULIEN,RED,2CC,3,BT,OWC3,38.4,90-92
335,2013,CH. LILIAN LADOUYS,SAINT ESTEPHE,RED,,600,BT,OWC6,9.9,86-88
336,2013,CH. MALARTIC LAGRAVIERE BLANC,PESSAC LEOGNAN,WHITE,CC,6,BT,OWC6,34.8,92-94
337,2013,CH. MALESCOT SAINT EXUPERY,MARGAUX,RED,3CC,264,BT,OWC6,27.5,89-91
338,2013,CH. MARQUIS D'ALESME,MARGAUX         ,RED,5CC,120,BT,OWC12,20.0,88-90
339,2013,CH. MARQUIS DE TERME,MARGAUX,RED,4CC,174,BT,OWC6,21.0,-
340,2013,CH. MAUVESIN BARTON,MOULIS          ,RED,,288,BT,OWC12,9.3,88-90
341,2013,CH. MEYNEY,SAINT ESTEPHE   ,RED,,96,BT,OWC12,16.55,87-89
342,2013,CH. MISSION HAUT BRION BLANC (LA),PESSAC LEOGNAN,WHITE,CC,30,BT,OWC6,480.0,93-95
343,2013,CH. MISSION HAUT BRION ROUGE (LA),PESSAC LEOGNAN,RED,CC,162,BT,OWC6,120.0,88-89
344,2013,CH. MONTROSE,SAINT ESTEPHE,RED,2CC,3,BT,OWC3,57.6,87-89
345,2013,CH. MOULIN SAINT GEORGES,SAINT EMILION GRAND CRU   ,RED,,6,BT,OWC6,18.5,84-86
346,2013,CH. NENIN,POMEROL,RED,,24,BT,OWC6,28.0,87-88
347,2013,CH. OLIVIER ROUGE,PESSAC LEOGNAN,RED,CC,228,BT,OWC6,16.5,87-88
348,2013,CH. ORMES DE PEZ (LES),SAINT ESTEPHE,RED,,564,BT,OWC6,15.6,85-87
349,2013,CH. PAVIE,SAINT EMILION GRAND CRU   ,RED,CC1A,300,BT,OWC6,165.0,92-94
350,2013,CH. PEDESCLAUX,PAUILLAC,RED,5CC,30,BT,OWC6,17.8,88-90
351,2013,CH. POINTE (LA),POMEROL,RED,,168,BT,OWC12,18.6,86-88
352,2013,CH. QUINTUS,SAINT EMILION GRAND CRU,RED,,24,BT,OWC6,60.0,86-88
353,2013,CH. REYNON,CADILLAC COTES DE BORDEAUX,RED,,120,BT,OWC12,7.1,-
354,2013,CH. RIEUSSEC,SAUTERNES       ,SWEET,1CC,252,BT,OWC6,48.0,94-96
355,2013,CH. RIEUSSEC,SAUTERNES       ,SWEET,1CC,480,DM,OWC24,24.0,94-96
356,2013,CH. ROUGET,POMEROL         ,RED,,96,BT,OWC12,22.2,86-88
357,2013,CH. SAINT PIERRE,SAINT JULIEN,RED,4CC,216,BT,OWC6,27.5,88-90
358,2013,CH. SENEJAC,HAUT MEDOC,RED,,600,BT,CB6,7.8,87-88
359,2013,CH. SIRAN,MARGAUX         ,RED,,84,BT,OWC12,13.75,-
360,2013,CH. SIRAN,MARGAUX         ,RED,,6,BT,OWC6,13.75,-
361,2013,CH. SIRAN,MARGAUX         ,RED,,90,BT,OWC6,13.75,-
362,2013,CH. SMITH HAUT LAFITTE ,PESSAC LEOGNAN,RED,CC,600,BT,-,45.0,86-88
363,2013,CH. SMITH HAUT LAFITTE BLANC,PESSAC LEOGNAN,WHITE,CC,6,BT,OWC6,61.0,93-95
364,2013,CH. TEYSSIER,SAINT EMILION GRAND CRU,RED,,600,BT,OWC12,9.85,84-86
365,2013,CH. THIL (LE),PESSAC LEOGNAN,RED,,300,BT,OWC12,12.0,-
366,2013,CH. TROPLONG MONDOT,SAINT EMILION GRAND CRU,RED,CC1B,174,BT,OWC6,52.8,92-94
367,2013,CH. VILLA BEL AIR ROUGE,GRAVES,RED,,48,BT,OWC6,7.6,-
368,2013,CH. VIOLETTE (LA),POMEROL,RED,,12,BT,OWC6,140.0,86-88
369,2013,CH. YQUEM (D'),SAUTERNES       ,SWEET,1CCSUP,120,BT,OWC6,250.0,98
370,2013,CH. YQUEM (D'),SAUTERNES       ,SWEET,1CCSUP,180,DM,OWC6,125.0,98
371,2013,CHAPELLE D'AUSONE,SAINT EMILION GRAND CRU,RED,2nd,12,BT,OWC6,100.0,88-91
372,2013,CHAPELLE DE POTENSAC,MEDOC,RED,2nd,300,BT,CB6,6.9,82-84
373,2013,CLARTE DE HAUT BRION (LA),PESSAC LEOGNAN,WHITE,,90,BT,OWC6,65.0,90-92
374,2013,CLEMENTIN DU PAPE CLEMENT (LE),PESSAC LEOGNAN,RED,2nd,60,BT,OWC6,16.1,84-86
375,2013,CLOS DE L'ORATOIRE,SAINT EMILION GRAND CRU,RED,CC,240,BT,OWC6,19.95,84-86
376,2013,CLOS FLORIDENE ROUGE,GRAVES,RED,,36,BT,OWC12,11.9,-
377,2013,CLOS FOURTET,SAINT EMILION GRAND CRU,RED,CC1B,300,BT,OWC6,51.0,88-90
378,2013,CLOS L'EGLISE,POMEROL,RED,,54,BT,OWC6,39.9,87-89
379,2013,CLOS RENE,POMEROL,RED,,48,BT,OWC12,15.0,-
380,2013,CROIX DE BEAUCAILLOU (LA),SAINT JULIEN    ,RED,2nd,192,BT,OWC12,21.9,87-88
381,2013,DAME DE MONTROSE (LA),SAINT ESTEPHE   ,RED,2nd,276,BT,OWC12,19.6,84-86
382,2013,DAUPHIN D'OLIVIER (LE),PESSAC LEOGNAN,WHITE,2nd,240,BT,CB12,10.2,-
383,2013,DAUPHIN D'OLIVIER (LE),PESSAC LEOGNAN,RED,2nd,600,BT,CB12 & CB6,9.2,-
384,2013,DOMAINE DE CHEVALIER ROUGE,PESSAC LEOGNAN  ,RED,CC,36,BT,OWC6,30.0,90-92
385,2013,DOME (LE),SAINT EMILION GRAND CRU,RED,,72,BT,OWC6,67.0,90-92
386,2013,DRAGON DE QUINTUS (LE),SAINT EMILION GRAND CRU,RED,2nd,48,BT,OWC12,15.0,84-86
387,2013,FIEFS DE LAGRANGE (LES),SAINT JULIEN    ,RED,2nd,600,BT,OWC6,13.8,-
388,2013,FUGUE DE NENIN,POMEROL,RED,,36,BT,OWC6,14.5,-
389,2013,HAUT MEDOC DE CH. GISCOURS (LE),HAUT MEDOC,RED,,600,BT,CB12,10.75,-
390,2013,HAUTS DU TERTRE (LES),MARGAUX,RED,,324,BT,OWC12,12.8,-
391,2013,HERITAGE DE CHASSE SPLEEN,HAUT MEDOC,RED,,300,BT,CB6,8.95,-
392,2013,HISTORICAL XIX CENTURY WINE,BORDEAUX,RED,,84,BT,OWC6,150.0,-
393,2013,PARDE DE HAUT BAILLY (LA),PESSAC LEOGNAN,RED,2nd,480,BT,OWC12,14.4,87-88
394,2013,PAVILLON BLANC DU CHATEAU MARGAUX,BORDEAUX,WHITE,2nd,6,BT,OWC6,140.0,92
395,2013,RESERVE DE MALARTIC (LA),PESSAC LEOGNAN,RED,2nd,360,BT,OWC12,9.9,-
396,2013,VIEUX CHÂTEAU SAINT ANDRE,MONTAGNE SAINT EMILION,RED,,600,BT,OWC6,8.5,-
397,2014,CH. MARJOSSE,BORDEAUX,WHITE,,600,BT,CB12,5.1,-
398,2014,DAUPHIN D'OLIVIER (LE),PESSAC LEOGNAN,WHITE,2nd,600,BT,CB12 & CB6,10.2,-
399,2014,G DE GUIRAUD,BORDEAUX,WHITE,,96,BT,CB6,7.6,-
400,2014,PENSEES DE TOUR CARNET (LES),HAUT MEDOC,RED,2nd,300,BT,CB6,9.9,
401,2014,Y D'YQUEM,BORDEAUX,WHITE,,66,BT,OWC6,95.0,91-93
402,2015,CLOS DES LUNES - LUNE D'ARGENT,BORDEAUX BLANC,WHITE,,48,BT,CC6,8.35,
403,2015,R DE RIEUSSEC,BORDEAUX ,WHITE,,600,BT,CB6,12.0,
